id,timestamp,drug_name,batch_number,manufacturer,target,operation,delay_ms,status
1,2026-04-23T10:33:43.958Z,N/A,N/A,N/A,fabric,write,119,success
2,2026-04-23T10:33:43.988Z,N/A,N/A,N/A,polygon,write,154,success
3,2026-04-23T10:33:43.989Z,N/A,N/A,N/A,polygon,write,151,success
4,2026-04-23T10:33:44.004Z,N/A,N/A,N/A,polygon,write,173,success
5,2026-04-23T10:33:44.021Z,N/A,N/A,N/A,polygon,write,188,success
6,2026-04-23T10:33:44.022Z,N/A,N/A,N/A,fabric,write,186,success
7,2026-04-23T10:33:44.035Z,N/A,N/A,N/A,polygon,write,200,success
8,2026-04-23T10:33:44.082Z,N/A,N/A,N/A,fabric,write,247,success
9,2026-04-23T10:33:44.083Z,N/A,N/A,N/A,fabric,write,251,success
10,2026-04-23T10:33:44.084Z,N/A,N/A,N/A,fabric,write,250,success
11,2026-04-23T10:33:44.175Z,N/A,N/A,N/A,fabric,write,83,success
12,2026-04-23T10:33:44.208Z,N/A,N/A,N/A,fabric,write,117,success
13,2026-04-23T10:33:44.209Z,N/A,N/A,N/A,polygon,write,116,success
14,2026-04-23T10:33:44.211Z,N/A,N/A,N/A,polygon,write,121,success
15,2026-04-23T10:33:44.237Z,N/A,N/A,N/A,polygon,write,146,success
16,2026-04-23T10:33:44.253Z,N/A,N/A,N/A,polygon,write,160,success
17,2026-04-23T10:33:44.254Z,N/A,N/A,N/A,fabric,write,160,success
18,2026-04-23T10:33:44.284Z,N/A,N/A,N/A,polygon,write,192,success
19,2026-04-23T10:33:44.299Z,N/A,N/A,N/A,fabric,write,207,success
20,2026-04-23T10:33:44.377Z,N/A,N/A,N/A,fabric,write,284,success
21,2026-04-23T10:33:44.516Z,N/A,N/A,N/A,polygon,write,133,success
22,2026-04-23T10:33:44.531Z,N/A,N/A,N/A,polygon,write,148,success
23,2026-04-23T10:33:44.532Z,N/A,N/A,N/A,fabric,write,148,success
24,2026-04-23T10:33:44.547Z,N/A,N/A,N/A,fabric,write,165,success
25,2026-04-23T10:33:44.563Z,N/A,N/A,N/A,fabric,write,180,success
26,2026-04-23T10:33:44.578Z,N/A,N/A,N/A,polygon,write,194,success
27,2026-04-23T10:33:44.579Z,N/A,N/A,N/A,fabric,write,195,success
28,2026-04-23T10:33:44.580Z,N/A,N/A,N/A,polygon,write,199,success
29,2026-04-23T10:33:44.594Z,N/A,N/A,N/A,polygon,write,212,success
30,2026-04-23T10:33:44.624Z,N/A,N/A,N/A,fabric,write,242,success
31,2026-04-23T10:33:44.764Z,N/A,N/A,N/A,polygon,write,133,success
32,2026-04-23T10:33:44.765Z,N/A,N/A,N/A,polygon,write,133,success
33,2026-04-23T10:33:44.795Z,N/A,N/A,N/A,polygon,write,165,success
34,2026-04-23T10:33:44.796Z,N/A,N/A,N/A,polygon,write,164,success
35,2026-04-23T10:33:44.811Z,N/A,N/A,N/A,polygon,write,182,success
36,2026-04-23T10:33:44.811Z,N/A,N/A,N/A,fabric,write,178,success
37,2026-04-23T10:33:44.842Z,N/A,N/A,N/A,fabric,write,212,success
38,2026-04-23T10:33:44.858Z,N/A,N/A,N/A,fabric,write,226,success
39,2026-04-23T10:33:44.905Z,N/A,N/A,N/A,fabric,write,274,success
40,2026-04-23T10:33:44.937Z,N/A,N/A,N/A,fabric,write,306,success
41,2026-04-23T10:33:45.046Z,N/A,N/A,N/A,fabric,write,102,success
42,2026-04-23T10:33:45.061Z,N/A,N/A,N/A,polygon,write,116,success
43,2026-04-23T10:33:45.062Z,N/A,N/A,N/A,polygon,write,120,success
44,2026-04-23T10:33:45.062Z,N/A,N/A,N/A,polygon,write,117,success
45,2026-04-23T10:33:45.123Z,N/A,N/A,N/A,polygon,write,179,success
46,2026-04-23T10:33:45.139Z,N/A,N/A,N/A,polygon,write,196,success
47,2026-04-23T10:33:45.171Z,N/A,N/A,N/A,fabric,write,228,success
48,2026-04-23T10:33:45.186Z,N/A,N/A,N/A,fabric,write,241,success
49,2026-04-23T10:33:45.202Z,N/A,N/A,N/A,fabric,write,257,success
50,2026-04-23T10:33:45.217Z,N/A,N/A,N/A,fabric,write,273,success
51,2026-04-23T10:33:45.358Z,N/A,N/A,N/A,fabric,write,134,success
52,2026-04-23T10:33:45.359Z,N/A,N/A,N/A,polygon,write,137,success
53,2026-04-23T10:33:45.360Z,N/A,N/A,N/A,polygon,write,135,success
54,2026-04-23T10:33:45.360Z,N/A,N/A,N/A,polygon,write,136,success
55,2026-04-23T10:33:45.389Z,N/A,N/A,N/A,polygon,write,164,success
56,2026-04-23T10:33:45.406Z,N/A,N/A,N/A,fabric,write,180,success
57,2026-04-23T10:33:45.406Z,N/A,N/A,N/A,fabric,write,181,success
58,2026-04-23T10:33:45.407Z,N/A,N/A,N/A,fabric,write,184,success
59,2026-04-23T10:33:45.421Z,N/A,N/A,N/A,polygon,write,195,success
60,2026-04-23T10:33:45.422Z,N/A,N/A,N/A,fabric,write,195,success
61,2026-04-23T10:33:45.546Z,N/A,N/A,N/A,polygon,write,115,success
62,2026-04-23T10:33:45.577Z,N/A,N/A,N/A,polygon,write,147,success
63,2026-04-23T10:33:45.578Z,N/A,N/A,N/A,fabric,write,146,success
64,2026-04-23T10:33:45.578Z,N/A,N/A,N/A,polygon,write,149,success
65,2026-04-23T10:33:45.592Z,N/A,N/A,N/A,fabric,write,161,success
66,2026-04-23T10:33:45.593Z,N/A,N/A,N/A,polygon,write,166,success
67,2026-04-23T10:33:45.593Z,N/A,N/A,N/A,polygon,write,162,success
68,2026-04-23T10:33:45.622Z,N/A,N/A,N/A,fabric,write,192,success
69,2026-04-23T10:33:45.668Z,N/A,N/A,N/A,fabric,write,237,success
70,2026-04-23T10:33:45.715Z,N/A,N/A,N/A,fabric,write,287,success
71,2026-04-23T10:33:45.824Z,N/A,N/A,N/A,fabric,write,102,success
72,2026-04-23T10:33:45.840Z,N/A,N/A,N/A,polygon,write,120,success
73,2026-04-23T10:33:45.841Z,N/A,N/A,N/A,fabric,write,119,success
74,2026-04-23T10:33:45.855Z,N/A,N/A,N/A,polygon,write,136,success
75,2026-04-23T10:33:45.871Z,N/A,N/A,N/A,polygon,write,150,success
76,2026-04-23T10:33:45.886Z,N/A,N/A,N/A,fabric,write,166,success
77,2026-04-23T10:33:45.917Z,N/A,N/A,N/A,polygon,write,195,success
78,2026-04-23T10:33:45.918Z,N/A,N/A,N/A,polygon,write,197,success
79,2026-04-23T10:33:45.918Z,N/A,N/A,N/A,fabric,write,197,success
80,2026-04-23T10:33:45.932Z,N/A,N/A,N/A,fabric,write,212,success
81,2026-04-23T10:33:46.057Z,N/A,N/A,N/A,polygon,write,115,success
82,2026-04-23T10:33:46.089Z,N/A,N/A,N/A,polygon,write,145,success
83,2026-04-23T10:33:46.104Z,N/A,N/A,N/A,fabric,write,162,success
84,2026-04-23T10:33:46.120Z,N/A,N/A,N/A,polygon,write,180,success
85,2026-04-23T10:33:46.136Z,N/A,N/A,N/A,fabric,write,192,success
86,2026-04-23T10:33:46.136Z,N/A,N/A,N/A,polygon,write,193,success
87,2026-04-23T10:33:46.137Z,N/A,N/A,N/A,polygon,write,198,success
88,2026-04-23T10:33:46.151Z,N/A,N/A,N/A,fabric,write,210,success
89,2026-04-23T10:33:46.152Z,N/A,N/A,N/A,fabric,write,213,success
90,2026-04-23T10:33:46.152Z,N/A,N/A,N/A,fabric,write,209,success
91,2026-04-23T10:33:46.274Z,N/A,N/A,N/A,fabric,write,115,success
92,2026-04-23T10:33:46.275Z,N/A,N/A,N/A,fabric,write,117,success
93,2026-04-23T10:33:46.276Z,N/A,N/A,N/A,polygon,write,118,success
94,2026-04-23T10:33:46.290Z,N/A,N/A,N/A,polygon,write,132,success
95,2026-04-23T10:33:46.291Z,N/A,N/A,N/A,polygon,write,132,success
96,2026-04-23T10:33:46.353Z,N/A,N/A,N/A,polygon,write,197,success
97,2026-04-23T10:33:46.354Z,N/A,N/A,N/A,polygon,write,197,success
98,2026-04-23T10:33:46.354Z,N/A,N/A,N/A,fabric,write,196,success
99,2026-04-23T10:33:46.399Z,N/A,N/A,N/A,fabric,write,242,success
100,2026-04-23T10:33:46.462Z,N/A,N/A,N/A,fabric,write,305,success
101,2026-04-23T10:33:46.570Z,N/A,N/A,N/A,polygon,write,102,success
102,2026-04-23T10:33:46.586Z,N/A,N/A,N/A,fabric,write,118,success
103,2026-04-23T10:33:46.601Z,N/A,N/A,N/A,polygon,write,131,success
104,2026-04-23T10:33:46.602Z,N/A,N/A,N/A,polygon,write,133,success
105,2026-04-23T10:33:46.632Z,N/A,N/A,N/A,fabric,write,162,success
106,2026-04-23T10:33:46.633Z,N/A,N/A,N/A,polygon,write,163,success
107,2026-04-23T10:33:46.648Z,N/A,N/A,N/A,polygon,write,180,success
108,2026-04-23T10:33:46.648Z,N/A,N/A,N/A,fabric,write,179,success
109,2026-04-23T10:33:46.694Z,N/A,N/A,N/A,fabric,write,223,success
110,2026-04-23T10:33:46.756Z,N/A,N/A,N/A,fabric,write,287,success
111,2026-04-23T10:33:46.878Z,N/A,N/A,N/A,fabric,write,118,success
112,2026-04-23T10:33:46.894Z,N/A,N/A,N/A,polygon,write,134,success
113,2026-04-23T10:33:46.895Z,N/A,N/A,N/A,polygon,write,133,success
114,2026-04-23T10:33:46.895Z,N/A,N/A,N/A,polygon,write,134,success
115,2026-04-23T10:33:46.941Z,N/A,N/A,N/A,fabric,write,179,success
116,2026-04-23T10:33:46.941Z,N/A,N/A,N/A,polygon,write,181,success
117,2026-04-23T10:33:46.971Z,N/A,N/A,N/A,polygon,write,210,success
118,2026-04-23T10:33:46.973Z,N/A,N/A,N/A,fabric,write,212,success
119,2026-04-23T10:33:46.987Z,N/A,N/A,N/A,fabric,write,226,success
120,2026-04-23T10:33:47.049Z,N/A,N/A,N/A,fabric,write,287,success
121,2026-04-23T10:33:47.159Z,N/A,N/A,N/A,fabric,write,104,success
122,2026-04-23T10:33:47.174Z,N/A,N/A,N/A,fabric,write,117,success
123,2026-04-23T10:33:47.175Z,N/A,N/A,N/A,polygon,write,120,success
124,2026-04-23T10:33:47.191Z,N/A,N/A,N/A,polygon,write,135,success
125,2026-04-23T10:33:47.191Z,N/A,N/A,N/A,polygon,write,134,success
126,2026-04-23T10:33:47.192Z,N/A,N/A,N/A,polygon,write,135,success
127,2026-04-23T10:33:47.207Z,N/A,N/A,N/A,polygon,write,151,success
128,2026-04-23T10:33:47.223Z,N/A,N/A,N/A,fabric,write,166,success
129,2026-04-23T10:33:47.254Z,N/A,N/A,N/A,fabric,write,198,success
130,2026-04-23T10:33:47.255Z,N/A,N/A,N/A,fabric,write,199,success
131,2026-04-23T10:33:47.364Z,N/A,N/A,N/A,polygon,write,104,success
132,2026-04-23T10:33:47.365Z,N/A,N/A,N/A,fabric,write,104,success
133,2026-04-23T10:33:47.380Z,N/A,N/A,N/A,fabric,write,118,success
134,2026-04-23T10:33:47.410Z,N/A,N/A,N/A,fabric,write,150,success
135,2026-04-23T10:33:47.411Z,N/A,N/A,N/A,polygon,write,153,success
136,2026-04-23T10:33:47.426Z,N/A,N/A,N/A,polygon,write,167,success
137,2026-04-23T10:33:47.427Z,N/A,N/A,N/A,polygon,write,165,success
138,2026-04-23T10:33:47.457Z,N/A,N/A,N/A,polygon,write,196,success
139,2026-04-23T10:33:47.489Z,N/A,N/A,N/A,fabric,write,230,success
140,2026-04-23T10:33:47.520Z,N/A,N/A,N/A,fabric,write,261,success
141,2026-04-23T10:33:47.615Z,N/A,N/A,N/A,fabric,write,90,success
142,2026-04-23T10:33:47.646Z,N/A,N/A,N/A,fabric,write,118,success
143,2026-04-23T10:33:47.647Z,N/A,N/A,N/A,polygon,write,120,success
144,2026-04-23T10:33:47.663Z,N/A,N/A,N/A,fabric,write,135,success
145,2026-04-23T10:33:47.678Z,N/A,N/A,N/A,fabric,write,151,success
146,2026-04-23T10:33:47.680Z,N/A,N/A,N/A,polygon,write,152,success
147,2026-04-23T10:33:47.709Z,N/A,N/A,N/A,polygon,write,182,success
148,2026-04-23T10:33:47.710Z,N/A,N/A,N/A,polygon,write,184,success
149,2026-04-23T10:33:47.726Z,N/A,N/A,N/A,polygon,write,201,success
150,2026-04-23T10:33:47.756Z,N/A,N/A,N/A,fabric,write,229,success
151,2026-04-23T10:33:47.866Z,N/A,N/A,N/A,fabric,write,102,success
152,2026-04-23T10:33:47.897Z,N/A,N/A,N/A,fabric,write,134,success
153,2026-04-23T10:33:47.912Z,N/A,N/A,N/A,polygon,write,149,success
154,2026-04-23T10:33:47.913Z,N/A,N/A,N/A,fabric,write,149,success
155,2026-04-23T10:33:47.928Z,N/A,N/A,N/A,polygon,write,164,success
156,2026-04-23T10:33:47.944Z,N/A,N/A,N/A,polygon,write,179,success
157,2026-04-23T10:33:47.959Z,N/A,N/A,N/A,polygon,write,194,success
158,2026-04-23T10:33:47.974Z,N/A,N/A,N/A,polygon,write,210,success
159,2026-04-23T10:33:48.022Z,N/A,N/A,N/A,fabric,write,257,success
160,2026-04-23T10:33:48.053Z,N/A,N/A,N/A,fabric,write,287,success
161,2026-04-23T10:33:48.161Z,N/A,N/A,N/A,fabric,write,102,success
162,2026-04-23T10:33:48.177Z,N/A,N/A,N/A,polygon,write,118,success
163,2026-04-23T10:33:48.192Z,N/A,N/A,N/A,polygon,write,134,success
164,2026-04-23T10:33:48.240Z,N/A,N/A,N/A,polygon,write,181,success
165,2026-04-23T10:33:48.256Z,N/A,N/A,N/A,fabric,write,198,success
166,2026-04-23T10:33:48.256Z,N/A,N/A,N/A,fabric,write,196,success
167,2026-04-23T10:33:48.257Z,N/A,N/A,N/A,polygon,write,197,success
168,2026-04-23T10:33:48.257Z,N/A,N/A,N/A,polygon,write,197,success
169,2026-04-23T10:33:48.349Z,N/A,N/A,N/A,fabric,write,289,success
170,2026-04-23T10:33:48.365Z,N/A,N/A,N/A,fabric,write,304,success
171,2026-04-23T10:33:48.472Z,N/A,N/A,N/A,fabric,write,100,success
172,2026-04-23T10:33:48.472Z,N/A,N/A,N/A,fabric,write,97,success
173,2026-04-23T10:33:48.503Z,N/A,N/A,N/A,polygon,write,131,success
174,2026-04-23T10:33:48.504Z,N/A,N/A,N/A,fabric,write,133,success
175,2026-04-23T10:33:48.535Z,N/A,N/A,N/A,polygon,write,161,success
176,2026-04-23T10:33:48.535Z,N/A,N/A,N/A,polygon,write,165,success
177,2026-04-23T10:33:48.566Z,N/A,N/A,N/A,polygon,write,191,success
178,2026-04-23T10:33:48.567Z,N/A,N/A,N/A,fabric,write,193,success
179,2026-04-23T10:33:48.568Z,N/A,N/A,N/A,polygon,write,195,success
180,2026-04-23T10:33:48.644Z,N/A,N/A,N/A,fabric,write,269,success
181,2026-04-23T10:33:48.783Z,N/A,N/A,N/A,fabric,write,132,success
182,2026-04-23T10:33:48.784Z,N/A,N/A,N/A,fabric,write,133,success
183,2026-04-23T10:33:48.799Z,N/A,N/A,N/A,fabric,write,150,success
184,2026-04-23T10:33:48.830Z,N/A,N/A,N/A,polygon,write,179,success
185,2026-04-23T10:33:48.830Z,N/A,N/A,N/A,polygon,write,181,success
186,2026-04-23T10:33:48.846Z,N/A,N/A,N/A,polygon,write,196,success
187,2026-04-23T10:33:48.846Z,N/A,N/A,N/A,polygon,write,196,success
188,2026-04-23T10:33:48.846Z,N/A,N/A,N/A,polygon,write,198,success
189,2026-04-23T10:33:48.861Z,N/A,N/A,N/A,fabric,write,211,success
190,2026-04-23T10:33:48.939Z,N/A,N/A,N/A,fabric,write,290,success
191,2026-04-23T10:33:49.065Z,N/A,N/A,N/A,polygon,write,121,success
192,2026-04-23T10:33:49.073Z,N/A,N/A,N/A,polygon,write,128,success
193,2026-04-23T10:33:49.097Z,N/A,N/A,N/A,fabric,write,152,success
194,2026-04-23T10:33:49.097Z,N/A,N/A,N/A,polygon,write,152,success
195,2026-04-23T10:33:49.128Z,N/A,N/A,N/A,fabric,write,182,success
196,2026-04-23T10:33:49.128Z,N/A,N/A,N/A,polygon,write,184,success
197,2026-04-23T10:33:49.144Z,N/A,N/A,N/A,polygon,write,198,success
198,2026-04-23T10:33:49.144Z,N/A,N/A,N/A,fabric,write,198,success
199,2026-04-23T10:33:49.159Z,N/A,N/A,N/A,fabric,write,215,success
200,2026-04-23T10:33:49.175Z,N/A,N/A,N/A,fabric,write,230,success
201,2026-04-23T10:33:54.338Z,N/A,N/A,N/A,polygon,write,133,success
202,2026-04-23T10:33:54.339Z,N/A,N/A,N/A,polygon,write,132,success
203,2026-04-23T10:33:54.353Z,N/A,N/A,N/A,polygon,write,147,success
204,2026-04-23T10:33:54.369Z,N/A,N/A,N/A,polygon,write,164,success
205,2026-04-23T10:33:54.385Z,N/A,N/A,N/A,polygon,write,179,success
206,2026-04-23T10:33:54.387Z,N/A,N/A,N/A,fabric,write,180,success
207,2026-04-23T10:33:54.447Z,N/A,N/A,N/A,fabric,write,241,success
208,2026-04-23T10:33:54.448Z,N/A,N/A,N/A,fabric,write,242,success
209,2026-04-23T10:33:54.449Z,N/A,N/A,N/A,fabric,write,244,success
210,2026-04-23T10:33:54.478Z,N/A,N/A,N/A,fabric,write,271,success
211,2026-04-23T10:33:54.603Z,N/A,N/A,N/A,fabric,write,117,success
212,2026-04-23T10:33:54.603Z,N/A,N/A,N/A,polygon,write,116,success
213,2026-04-23T10:33:54.651Z,N/A,N/A,N/A,polygon,write,166,success
214,2026-04-23T10:33:54.666Z,N/A,N/A,N/A,polygon,write,181,success
215,2026-04-23T10:33:54.667Z,N/A,N/A,N/A,polygon,write,181,success
216,2026-04-23T10:33:54.667Z,N/A,N/A,N/A,polygon,write,181,success
217,2026-04-23T10:33:54.698Z,N/A,N/A,N/A,fabric,write,213,success
218,2026-04-23T10:33:54.728Z,N/A,N/A,N/A,fabric,write,242,success
219,2026-04-23T10:33:54.775Z,N/A,N/A,N/A,fabric,write,288,success
220,2026-04-23T10:33:54.790Z,N/A,N/A,N/A,fabric,write,303,success
221,2026-04-23T10:33:54.899Z,N/A,N/A,N/A,fabric,write,103,success
222,2026-04-23T10:33:54.930Z,N/A,N/A,N/A,polygon,write,133,success
223,2026-04-23T10:33:54.946Z,N/A,N/A,N/A,polygon,write,151,success
224,2026-04-23T10:33:54.947Z,N/A,N/A,N/A,fabric,write,152,success
225,2026-04-23T10:33:54.947Z,N/A,N/A,N/A,polygon,write,151,success
226,2026-04-23T10:33:54.977Z,N/A,N/A,N/A,polygon,write,180,success
227,2026-04-23T10:33:54.992Z,N/A,N/A,N/A,polygon,write,196,success
228,2026-04-23T10:33:55.008Z,N/A,N/A,N/A,fabric,write,211,success
229,2026-04-23T10:33:55.024Z,N/A,N/A,N/A,fabric,write,227,success
230,2026-04-23T10:33:55.087Z,N/A,N/A,N/A,fabric,write,291,success
231,2026-04-23T10:33:55.228Z,N/A,N/A,N/A,polygon,write,134,success
232,2026-04-23T10:33:55.243Z,N/A,N/A,N/A,polygon,write,149,success
233,2026-04-23T10:33:55.244Z,N/A,N/A,N/A,fabric,write,151,success
234,2026-04-23T10:33:55.275Z,N/A,N/A,N/A,polygon,write,183,success
235,2026-04-23T10:33:55.276Z,N/A,N/A,N/A,polygon,write,183,success
236,2026-04-23T10:33:55.290Z,N/A,N/A,N/A,polygon,write,198,success
237,2026-04-23T10:33:55.321Z,N/A,N/A,N/A,fabric,write,226,success
238,2026-04-23T10:33:55.338Z,N/A,N/A,N/A,fabric,write,244,success
239,2026-04-23T10:33:55.382Z,N/A,N/A,N/A,fabric,write,290,success
240,2026-04-23T10:33:55.383Z,N/A,N/A,N/A,fabric,write,289,success
241,2026-04-23T10:33:55.491Z,N/A,N/A,N/A,fabric,write,102,success
242,2026-04-23T10:33:55.492Z,N/A,N/A,N/A,fabric,write,101,success
243,2026-04-23T10:33:55.507Z,N/A,N/A,N/A,polygon,write,119,success
244,2026-04-23T10:33:55.538Z,N/A,N/A,N/A,polygon,write,149,success
245,2026-04-23T10:33:55.570Z,N/A,N/A,N/A,polygon,write,181,success
246,2026-04-23T10:33:55.571Z,N/A,N/A,N/A,fabric,write,179,success
247,2026-04-23T10:33:55.602Z,N/A,N/A,N/A,polygon,write,211,success
248,2026-04-23T10:33:55.603Z,N/A,N/A,N/A,polygon,write,211,success
249,2026-04-23T10:33:55.666Z,N/A,N/A,N/A,fabric,write,276,success
250,2026-04-23T10:33:55.681Z,N/A,N/A,N/A,fabric,write,292,success
251,2026-04-23T10:33:55.790Z,N/A,N/A,N/A,fabric,write,98,success
252,2026-04-23T10:33:55.806Z,N/A,N/A,N/A,fabric,write,117,success
253,2026-04-23T10:33:55.821Z,N/A,N/A,N/A,polygon,write,132,success
254,2026-04-23T10:33:55.853Z,N/A,N/A,N/A,polygon,write,163,success
255,2026-04-23T10:33:55.868Z,N/A,N/A,N/A,polygon,write,180,success
256,2026-04-23T10:33:55.869Z,N/A,N/A,N/A,polygon,write,181,success
257,2026-04-23T10:33:55.884Z,N/A,N/A,N/A,fabric,write,194,success
258,2026-04-23T10:33:55.885Z,N/A,N/A,N/A,polygon,write,194,success
259,2026-04-23T10:33:55.900Z,N/A,N/A,N/A,fabric,write,211,success
260,2026-04-23T10:33:55.900Z,N/A,N/A,N/A,fabric,write,211,success
261,2026-04-23T10:33:56.024Z,N/A,N/A,N/A,polygon,write,117,success
262,2026-04-23T10:33:56.056Z,N/A,N/A,N/A,fabric,write,148,success
263,2026-04-23T10:33:56.057Z,N/A,N/A,N/A,polygon,write,150,success
264,2026-04-23T10:33:56.088Z,N/A,N/A,N/A,polygon,write,183,success
265,2026-04-23T10:33:56.089Z,N/A,N/A,N/A,polygon,write,183,success
266,2026-04-23T10:33:56.090Z,N/A,N/A,N/A,fabric,write,183,success
267,2026-04-23T10:33:56.103Z,N/A,N/A,N/A,polygon,write,195,success
268,2026-04-23T10:33:56.148Z,N/A,N/A,N/A,fabric,write,243,success
269,2026-04-23T10:33:56.149Z,N/A,N/A,N/A,fabric,write,243,success
270,2026-04-23T10:33:56.150Z,N/A,N/A,N/A,fabric,write,243,success
271,2026-04-23T10:33:56.243Z,N/A,N/A,N/A,fabric,write,90,success
272,2026-04-23T10:33:56.289Z,N/A,N/A,N/A,polygon,write,134,success
273,2026-04-23T10:33:56.305Z,N/A,N/A,N/A,polygon,write,151,success
274,2026-04-23T10:33:56.321Z,N/A,N/A,N/A,polygon,write,167,success
275,2026-04-23T10:33:56.336Z,N/A,N/A,N/A,polygon,write,181,success
276,2026-04-23T10:33:56.337Z,N/A,N/A,N/A,polygon,write,184,success
277,2026-04-23T10:33:56.383Z,N/A,N/A,N/A,fabric,write,228,success
278,2026-04-23T10:33:56.384Z,N/A,N/A,N/A,fabric,write,230,success
279,2026-04-23T10:33:56.398Z,N/A,N/A,N/A,fabric,write,244,success
280,2026-04-23T10:33:56.445Z,N/A,N/A,N/A,fabric,write,289,success
281,2026-04-23T10:33:56.555Z,N/A,N/A,N/A,fabric,write,104,success
282,2026-04-23T10:33:56.555Z,N/A,N/A,N/A,polygon,write,103,success
283,2026-04-23T10:33:56.586Z,N/A,N/A,N/A,polygon,write,135,success
284,2026-04-23T10:33:56.602Z,N/A,N/A,N/A,polygon,write,149,success
285,2026-04-23T10:33:56.602Z,N/A,N/A,N/A,fabric,write,150,success
286,2026-04-23T10:33:56.603Z,N/A,N/A,N/A,polygon,write,152,success
287,2026-04-23T10:33:56.617Z,N/A,N/A,N/A,fabric,write,166,success
288,2026-04-23T10:33:56.618Z,N/A,N/A,N/A,polygon,write,166,success
289,2026-04-23T10:33:56.648Z,N/A,N/A,N/A,fabric,write,196,success
290,2026-04-23T10:33:56.663Z,N/A,N/A,N/A,fabric,write,210,success
291,2026-04-23T10:33:56.788Z,N/A,N/A,N/A,fabric,write,116,success
292,2026-04-23T10:33:56.788Z,N/A,N/A,N/A,fabric,write,119,success
293,2026-04-23T10:33:56.789Z,N/A,N/A,N/A,polygon,write,122,success
294,2026-04-23T10:33:56.789Z,N/A,N/A,N/A,polygon,write,118,success
295,2026-04-23T10:33:56.819Z,N/A,N/A,N/A,fabric,write,149,success
296,2026-04-23T10:33:56.819Z,N/A,N/A,N/A,polygon,write,149,success
297,2026-04-23T10:33:56.834Z,N/A,N/A,N/A,polygon,write,166,success
298,2026-04-23T10:33:56.881Z,N/A,N/A,N/A,polygon,write,209,success
299,2026-04-23T10:33:56.944Z,N/A,N/A,N/A,fabric,write,276,success
300,2026-04-23T10:33:56.959Z,N/A,N/A,N/A,fabric,write,288,success
301,2026-04-23T10:33:57.052Z,N/A,N/A,N/A,fabric,write,85,success
302,2026-04-23T10:33:57.083Z,N/A,N/A,N/A,polygon,write,114,success
303,2026-04-23T10:33:57.084Z,N/A,N/A,N/A,polygon,write,118,success
304,2026-04-23T10:33:57.115Z,N/A,N/A,N/A,polygon,write,148,success
305,2026-04-23T10:33:57.116Z,N/A,N/A,N/A,polygon,write,148,success
306,2026-04-23T10:33:57.116Z,N/A,N/A,N/A,polygon,write,148,success
307,2026-04-23T10:33:57.146Z,N/A,N/A,N/A,fabric,write,178,success
308,2026-04-23T10:33:57.147Z,N/A,N/A,N/A,fabric,write,178,success
309,2026-04-23T10:33:57.238Z,N/A,N/A,N/A,fabric,write,269,success
310,2026-04-23T10:33:57.254Z,N/A,N/A,N/A,fabric,write,288,success
311,2026-04-23T10:33:57.379Z,N/A,N/A,N/A,fabric,write,119,success
312,2026-04-23T10:33:57.410Z,N/A,N/A,N/A,polygon,write,149,success
313,2026-04-23T10:33:57.411Z,N/A,N/A,N/A,fabric,write,148,success
314,2026-04-23T10:33:57.426Z,N/A,N/A,N/A,polygon,write,163,success
315,2026-04-23T10:33:57.441Z,N/A,N/A,N/A,polygon,write,179,success
316,2026-04-23T10:33:57.442Z,N/A,N/A,N/A,polygon,write,182,success
317,2026-04-23T10:33:57.473Z,N/A,N/A,N/A,polygon,write,212,success
318,2026-04-23T10:33:57.520Z,N/A,N/A,N/A,fabric,write,258,success
319,2026-04-23T10:33:57.535Z,N/A,N/A,N/A,fabric,write,273,success
320,2026-04-23T10:33:57.551Z,N/A,N/A,N/A,fabric,write,290,success
321,2026-04-23T10:33:57.679Z,N/A,N/A,N/A,polygon,write,121,success
322,2026-04-23T10:33:57.708Z,N/A,N/A,N/A,fabric,write,152,success
323,2026-04-23T10:33:57.708Z,N/A,N/A,N/A,fabric,write,151,success
324,2026-04-23T10:33:57.738Z,N/A,N/A,N/A,polygon,write,182,success
325,2026-04-23T10:33:57.738Z,N/A,N/A,N/A,fabric,write,179,success
326,2026-04-23T10:33:57.739Z,N/A,N/A,N/A,polygon,write,183,success
327,2026-04-23T10:33:57.753Z,N/A,N/A,N/A,polygon,write,195,success
328,2026-04-23T10:33:57.769Z,N/A,N/A,N/A,polygon,write,212,success
329,2026-04-23T10:33:57.815Z,N/A,N/A,N/A,fabric,write,257,success
330,2026-04-23T10:33:57.862Z,N/A,N/A,N/A,fabric,write,305,success
331,2026-04-23T10:33:57.986Z,N/A,N/A,N/A,polygon,write,118,success
332,2026-04-23T10:33:58.002Z,N/A,N/A,N/A,fabric,write,133,success
333,2026-04-23T10:33:58.003Z,N/A,N/A,N/A,polygon,write,133,success
334,2026-04-23T10:33:58.017Z,N/A,N/A,N/A,fabric,write,149,success
335,2026-04-23T10:33:58.033Z,N/A,N/A,N/A,polygon,write,164,success
336,2026-04-23T10:33:58.049Z,N/A,N/A,N/A,fabric,write,180,success
337,2026-04-23T10:33:58.065Z,N/A,N/A,N/A,polygon,write,197,success
338,2026-04-23T10:33:58.065Z,N/A,N/A,N/A,polygon,write,198,success
339,2026-04-23T10:33:58.142Z,N/A,N/A,N/A,fabric,write,272,success
340,2026-04-23T10:33:58.157Z,N/A,N/A,N/A,fabric,write,289,success
341,2026-04-23T10:33:58.282Z,N/A,N/A,N/A,fabric,write,116,success
342,2026-04-23T10:33:58.313Z,N/A,N/A,N/A,polygon,write,148,success
343,2026-04-23T10:33:58.313Z,N/A,N/A,N/A,polygon,write,150,success
344,2026-04-23T10:33:58.314Z,N/A,N/A,N/A,polygon,write,152,success
345,2026-04-23T10:33:58.329Z,N/A,N/A,N/A,fabric,write,166,success
346,2026-04-23T10:33:58.330Z,N/A,N/A,N/A,fabric,write,164,success
347,2026-04-23T10:33:58.345Z,N/A,N/A,N/A,polygon,write,181,success
348,2026-04-23T10:33:58.345Z,N/A,N/A,N/A,fabric,write,180,success
349,2026-04-23T10:33:58.361Z,N/A,N/A,N/A,polygon,write,195,success
350,2026-04-23T10:33:58.440Z,N/A,N/A,N/A,fabric,write,276,success
351,2026-04-23T10:33:58.548Z,N/A,N/A,N/A,fabric,write,103,success
352,2026-04-23T10:33:58.549Z,N/A,N/A,N/A,fabric,write,103,success
353,2026-04-23T10:33:58.563Z,N/A,N/A,N/A,fabric,write,119,success
354,2026-04-23T10:33:58.580Z,N/A,N/A,N/A,polygon,write,135,success
355,2026-04-23T10:33:58.581Z,N/A,N/A,N/A,polygon,write,136,success
356,2026-04-23T10:33:58.596Z,N/A,N/A,N/A,polygon,write,152,success
357,2026-04-23T10:33:58.611Z,N/A,N/A,N/A,polygon,write,166,success
358,2026-04-23T10:33:58.627Z,N/A,N/A,N/A,fabric,write,182,success
359,2026-04-23T10:33:58.628Z,N/A,N/A,N/A,polygon,write,182,success
360,2026-04-23T10:33:58.659Z,N/A,N/A,N/A,fabric,write,213,success
361,2026-04-23T10:33:58.766Z,N/A,N/A,N/A,polygon,write,104,success
362,2026-04-23T10:33:58.782Z,N/A,N/A,N/A,polygon,write,117,success
363,2026-04-23T10:33:58.798Z,N/A,N/A,N/A,fabric,write,134,success
364,2026-04-23T10:33:58.844Z,N/A,N/A,N/A,polygon,write,180,success
365,2026-04-23T10:33:58.845Z,N/A,N/A,N/A,polygon,write,180,success
366,2026-04-23T10:33:58.875Z,N/A,N/A,N/A,polygon,write,212,success
367,2026-04-23T10:33:58.891Z,N/A,N/A,N/A,fabric,write,226,success
368,2026-04-23T10:33:58.907Z,N/A,N/A,N/A,fabric,write,242,success
369,2026-04-23T10:33:58.938Z,N/A,N/A,N/A,fabric,write,274,success
370,2026-04-23T10:33:58.953Z,N/A,N/A,N/A,fabric,write,290,success
371,2026-04-23T10:33:59.093Z,N/A,N/A,N/A,polygon,write,134,success
372,2026-04-23T10:33:59.108Z,N/A,N/A,N/A,fabric,write,150,success
373,2026-04-23T10:33:59.124Z,N/A,N/A,N/A,polygon,write,165,success
374,2026-04-23T10:33:59.139Z,N/A,N/A,N/A,polygon,write,181,success
375,2026-04-23T10:33:59.154Z,N/A,N/A,N/A,polygon,write,195,success
376,2026-04-23T10:33:59.169Z,N/A,N/A,N/A,polygon,write,209,success
377,2026-04-23T10:33:59.170Z,N/A,N/A,N/A,fabric,write,210,success
378,2026-04-23T10:33:59.216Z,N/A,N/A,N/A,fabric,write,257,success
379,2026-04-23T10:33:59.232Z,N/A,N/A,N/A,fabric,write,273,success
380,2026-04-23T10:33:59.247Z,N/A,N/A,N/A,fabric,write,287,success
381,2026-04-23T10:33:59.371Z,N/A,N/A,N/A,polygon,write,118,success
382,2026-04-23T10:33:59.418Z,N/A,N/A,N/A,polygon,write,166,success
383,2026-04-23T10:33:59.418Z,N/A,N/A,N/A,polygon,write,166,success
384,2026-04-23T10:33:59.419Z,N/A,N/A,N/A,fabric,write,166,success
385,2026-04-23T10:33:59.422Z,N/A,N/A,N/A,polygon,write,171,success
386,2026-04-23T10:33:59.422Z,N/A,N/A,N/A,polygon,write,169,success
387,2026-04-23T10:33:59.510Z,N/A,N/A,N/A,fabric,write,257,success
388,2026-04-23T10:33:59.510Z,N/A,N/A,N/A,fabric,write,258,success
389,2026-04-23T10:33:59.526Z,N/A,N/A,N/A,fabric,write,272,success
390,2026-04-23T10:33:59.542Z,N/A,N/A,N/A,fabric,write,291,success
391,2026-04-23T10:33:59.652Z,N/A,N/A,N/A,fabric,write,103,success
392,2026-04-23T10:33:59.652Z,N/A,N/A,N/A,fabric,write,103,success
393,2026-04-23T10:33:59.667Z,N/A,N/A,N/A,polygon,write,118,success
394,2026-04-23T10:33:59.668Z,N/A,N/A,N/A,polygon,write,121,success
395,2026-04-23T10:33:59.668Z,N/A,N/A,N/A,polygon,write,120,success
396,2026-04-23T10:33:59.668Z,N/A,N/A,N/A,polygon,write,119,success
397,2026-04-23T10:33:59.682Z,N/A,N/A,N/A,polygon,write,134,success
398,2026-04-23T10:33:59.698Z,N/A,N/A,N/A,fabric,write,150,success
399,2026-04-23T10:33:59.714Z,N/A,N/A,N/A,fabric,write,166,success
400,2026-04-23T10:33:59.759Z,N/A,N/A,N/A,fabric,write,210,success
401,2026-04-23T10:33:59.869Z,N/A,N/A,N/A,fabric,write,100,success
402,2026-04-23T10:33:59.901Z,N/A,N/A,N/A,polygon,write,133,success
403,2026-04-23T10:33:59.902Z,N/A,N/A,N/A,fabric,write,135,success
404,2026-04-23T10:33:59.902Z,N/A,N/A,N/A,polygon,write,135,success
405,2026-04-23T10:33:59.917Z,N/A,N/A,N/A,fabric,write,151,success
406,2026-04-23T10:33:59.917Z,N/A,N/A,N/A,polygon,write,150,success
407,2026-04-23T10:33:59.933Z,N/A,N/A,N/A,polygon,write,168,success
408,2026-04-23T10:33:59.948Z,N/A,N/A,N/A,fabric,write,180,success
409,2026-04-23T10:33:59.948Z,N/A,N/A,N/A,fabric,write,183,success
410,2026-04-23T10:33:59.963Z,N/A,N/A,N/A,polygon,write,199,success
411,2026-04-23T10:34:00.072Z,N/A,N/A,N/A,polygon,write,101,success
412,2026-04-23T10:34:00.103Z,N/A,N/A,N/A,fabric,write,132,success
413,2026-04-23T10:34:00.119Z,N/A,N/A,N/A,polygon,write,150,success
414,2026-04-23T10:34:00.119Z,N/A,N/A,N/A,polygon,write,151,success
415,2026-04-23T10:34:00.120Z,N/A,N/A,N/A,polygon,write,150,success
416,2026-04-23T10:34:00.134Z,N/A,N/A,N/A,fabric,write,166,success
417,2026-04-23T10:34:00.149Z,N/A,N/A,N/A,fabric,write,179,success
418,2026-04-23T10:34:00.150Z,N/A,N/A,N/A,polygon,write,181,success
419,2026-04-23T10:34:00.258Z,N/A,N/A,N/A,fabric,write,289,success
420,2026-04-23T10:34:00.261Z,N/A,N/A,N/A,fabric,write,291,success
421,2026-04-23T10:34:00.352Z,N/A,N/A,N/A,fabric,write,81,success
422,2026-04-23T10:34:00.368Z,N/A,N/A,N/A,fabric,write,97,success
423,2026-04-23T10:34:00.399Z,N/A,N/A,N/A,polygon,write,132,success
424,2026-04-23T10:34:00.414Z,N/A,N/A,N/A,polygon,write,145,success
425,2026-04-23T10:34:00.445Z,N/A,N/A,N/A,fabric,write,175,success
426,2026-04-23T10:34:00.460Z,N/A,N/A,N/A,polygon,write,192,success
427,2026-04-23T10:34:00.477Z,N/A,N/A,N/A,polygon,write,206,success
428,2026-04-23T10:34:00.477Z,N/A,N/A,N/A,polygon,write,207,success
429,2026-04-23T10:34:00.524Z,N/A,N/A,N/A,fabric,write,257,success
430,2026-04-23T10:34:00.539Z,N/A,N/A,N/A,fabric,write,271,success
431,2026-04-23T10:34:00.679Z,N/A,N/A,N/A,fabric,write,132,success
432,2026-04-23T10:34:00.694Z,N/A,N/A,N/A,fabric,write,150,success
433,2026-04-23T10:34:00.710Z,N/A,N/A,N/A,polygon,write,167,success
434,2026-04-23T10:34:00.725Z,N/A,N/A,N/A,polygon,write,180,success
435,2026-04-23T10:34:00.726Z,N/A,N/A,N/A,polygon,write,180,success
436,2026-04-23T10:34:00.726Z,N/A,N/A,N/A,polygon,write,182,success
437,2026-04-23T10:34:00.741Z,N/A,N/A,N/A,polygon,write,197,success
438,2026-04-23T10:34:00.756Z,N/A,N/A,N/A,fabric,write,211,success
439,2026-04-23T10:34:00.851Z,N/A,N/A,N/A,fabric,write,305,success
440,2026-04-23T10:34:00.852Z,N/A,N/A,N/A,fabric,write,308,success
441,2026-04-23T10:34:00.991Z,N/A,N/A,N/A,polygon,write,135,success
442,2026-04-23T10:34:01.007Z,N/A,N/A,N/A,polygon,write,149,success
443,2026-04-23T10:34:01.007Z,N/A,N/A,N/A,polygon,write,148,success
444,2026-04-23T10:34:01.022Z,N/A,N/A,N/A,fabric,write,164,success
445,2026-04-23T10:34:01.038Z,N/A,N/A,N/A,polygon,write,179,success
446,2026-04-23T10:34:01.053Z,N/A,N/A,N/A,polygon,write,196,success
447,2026-04-23T10:34:01.100Z,N/A,N/A,N/A,fabric,write,241,success
448,2026-04-23T10:34:01.131Z,N/A,N/A,N/A,fabric,write,273,success
449,2026-04-23T10:34:01.132Z,N/A,N/A,N/A,fabric,write,272,success
450,2026-04-23T10:34:01.132Z,N/A,N/A,N/A,fabric,write,275,success
451,2026-04-23T10:34:01.256Z,N/A,N/A,N/A,polygon,write,118,success
452,2026-04-23T10:34:01.257Z,N/A,N/A,N/A,fabric,write,119,success
453,2026-04-23T10:34:01.258Z,N/A,N/A,N/A,polygon,write,121,success
454,2026-04-23T10:34:01.258Z,N/A,N/A,N/A,fabric,write,121,success
455,2026-04-23T10:34:01.303Z,N/A,N/A,N/A,polygon,write,166,success
456,2026-04-23T10:34:01.303Z,N/A,N/A,N/A,fabric,write,164,success
457,2026-04-23T10:34:01.304Z,N/A,N/A,N/A,polygon,write,166,success
458,2026-04-23T10:34:01.318Z,N/A,N/A,N/A,polygon,write,180,success
459,2026-04-23T10:34:01.319Z,N/A,N/A,N/A,fabric,write,181,success
460,2026-04-23T10:34:01.381Z,N/A,N/A,N/A,fabric,write,244,success
461,2026-04-23T10:34:01.504Z,N/A,N/A,N/A,fabric,write,116,success
462,2026-04-23T10:34:01.505Z,N/A,N/A,N/A,polygon,write,118,success
463,2026-04-23T10:34:01.505Z,N/A,N/A,N/A,polygon,write,117,success
464,2026-04-23T10:34:01.505Z,N/A,N/A,N/A,fabric,write,117,success
465,2026-04-23T10:34:01.505Z,N/A,N/A,N/A,polygon,write,118,success
466,2026-04-23T10:34:01.583Z,N/A,N/A,N/A,polygon,write,197,success
467,2026-04-23T10:34:01.583Z,N/A,N/A,N/A,polygon,write,198,success
468,2026-04-23T10:34:01.584Z,N/A,N/A,N/A,fabric,write,197,success
469,2026-04-23T10:34:01.584Z,N/A,N/A,N/A,fabric,write,199,success
470,2026-04-23T10:34:01.630Z,N/A,N/A,N/A,fabric,write,244,success
471,2026-04-23T10:34:01.737Z,N/A,N/A,N/A,fabric,write,103,success
472,2026-04-23T10:34:01.738Z,N/A,N/A,N/A,polygon,write,104,success
473,2026-04-23T10:34:01.752Z,N/A,N/A,N/A,polygon,write,116,success
474,2026-04-23T10:34:01.753Z,N/A,N/A,N/A,fabric,write,118,success
475,2026-04-23T10:34:01.754Z,N/A,N/A,N/A,polygon,write,118,success
476,2026-04-23T10:34:01.799Z,N/A,N/A,N/A,polygon,write,164,success
477,2026-04-23T10:34:01.816Z,N/A,N/A,N/A,polygon,write,181,success
478,2026-04-23T10:34:01.915Z,N/A,N/A,N/A,fabric,write,278,success
479,2026-04-23T10:34:01.939Z,N/A,N/A,N/A,fabric,write,303,success
480,2026-04-23T10:34:01.941Z,N/A,N/A,N/A,fabric,write,305,success
481,2026-04-23T10:34:02.048Z,N/A,N/A,N/A,polygon,write,102,success
482,2026-04-23T10:34:02.063Z,N/A,N/A,N/A,polygon,write,119,success
483,2026-04-23T10:34:02.079Z,N/A,N/A,N/A,fabric,write,133,success
484,2026-04-23T10:34:02.079Z,N/A,N/A,N/A,fabric,write,133,success
485,2026-04-23T10:34:02.094Z,N/A,N/A,N/A,fabric,write,147,success
486,2026-04-23T10:34:02.094Z,N/A,N/A,N/A,polygon,write,148,success
487,2026-04-23T10:34:02.095Z,N/A,N/A,N/A,polygon,write,149,success
488,2026-04-23T10:34:02.157Z,N/A,N/A,N/A,polygon,write,212,success
489,2026-04-23T10:34:02.172Z,N/A,N/A,N/A,fabric,write,227,success
490,2026-04-23T10:34:02.173Z,N/A,N/A,N/A,fabric,write,228,success
491,2026-04-23T10:34:02.311Z,N/A,N/A,N/A,polygon,write,134,success
492,2026-04-23T10:34:02.327Z,N/A,N/A,N/A,polygon,write,148,success
493,2026-04-23T10:34:02.327Z,N/A,N/A,N/A,polygon,write,149,success
494,2026-04-23T10:34:02.343Z,N/A,N/A,N/A,polygon,write,166,success
495,2026-04-23T10:34:02.344Z,N/A,N/A,N/A,polygon,write,164,success
496,2026-04-23T10:34:02.344Z,N/A,N/A,N/A,fabric,write,166,success
497,2026-04-23T10:34:02.390Z,N/A,N/A,N/A,fabric,write,213,success
498,2026-04-23T10:34:02.422Z,N/A,N/A,N/A,fabric,write,243,success
499,2026-04-23T10:34:02.469Z,N/A,N/A,N/A,fabric,write,289,success
500,2026-04-23T10:34:02.470Z,N/A,N/A,N/A,fabric,write,292,success
501,2026-04-23T10:34:02.563Z,N/A,N/A,N/A,fabric,write,88,success
502,2026-04-23T10:34:02.563Z,N/A,N/A,N/A,fabric,write,89,success
503,2026-04-23T10:34:02.578Z,N/A,N/A,N/A,polygon,write,103,success
504,2026-04-23T10:34:02.594Z,N/A,N/A,N/A,polygon,write,117,success
505,2026-04-23T10:34:02.594Z,N/A,N/A,N/A,fabric,write,118,success
506,2026-04-23T10:34:02.595Z,N/A,N/A,N/A,polygon,write,119,success
507,2026-04-23T10:34:02.595Z,N/A,N/A,N/A,polygon,write,119,success
508,2026-04-23T10:34:02.625Z,N/A,N/A,N/A,polygon,write,151,success
509,2026-04-23T10:34:02.734Z,N/A,N/A,N/A,fabric,write,258,success
510,2026-04-23T10:34:02.750Z,N/A,N/A,N/A,fabric,write,273,success
511,2026-04-23T10:34:02.860Z,N/A,N/A,N/A,fabric,write,99,success
512,2026-04-23T10:34:02.861Z,N/A,N/A,N/A,fabric,write,101,success
513,2026-04-23T10:34:02.906Z,N/A,N/A,N/A,polygon,write,149,success
514,2026-04-23T10:34:02.907Z,N/A,N/A,N/A,polygon,write,148,success
515,2026-04-23T10:34:02.907Z,N/A,N/A,N/A,polygon,write,144,success
516,2026-04-23T10:34:02.923Z,N/A,N/A,N/A,polygon,write,161,success
517,2026-04-23T10:34:02.938Z,N/A,N/A,N/A,polygon,write,177,success
518,2026-04-23T10:34:02.985Z,N/A,N/A,N/A,fabric,write,223,success
519,2026-04-23T10:34:03.000Z,N/A,N/A,N/A,fabric,write,237,success
520,2026-04-23T10:34:03.016Z,N/A,N/A,N/A,fabric,write,258,success
521,2026-04-23T10:34:03.124Z,N/A,N/A,N/A,fabric,write,104,success
522,2026-04-23T10:34:03.124Z,N/A,N/A,N/A,polygon,write,103,success
523,2026-04-23T10:34:03.139Z,N/A,N/A,N/A,polygon,write,117,success
524,2026-04-23T10:34:03.171Z,N/A,N/A,N/A,fabric,write,149,success
525,2026-04-23T10:34:03.186Z,N/A,N/A,N/A,fabric,write,164,success
526,2026-04-23T10:34:03.187Z,N/A,N/A,N/A,polygon,write,165,success
527,2026-04-23T10:34:03.202Z,N/A,N/A,N/A,polygon,write,182,success
528,2026-04-23T10:34:03.202Z,N/A,N/A,N/A,polygon,write,181,success
529,2026-04-23T10:34:03.264Z,N/A,N/A,N/A,fabric,write,242,success
530,2026-04-23T10:34:03.312Z,N/A,N/A,N/A,fabric,write,291,success
531,2026-04-23T10:34:03.419Z,N/A,N/A,N/A,fabric,write,98,success
532,2026-04-23T10:34:03.435Z,N/A,N/A,N/A,polygon,write,113,success
533,2026-04-23T10:34:03.436Z,N/A,N/A,N/A,polygon,write,116,success
534,2026-04-23T10:34:03.466Z,N/A,N/A,N/A,polygon,write,147,success
535,2026-04-23T10:34:03.466Z,N/A,N/A,N/A,polygon,write,148,success
536,2026-04-23T10:34:03.467Z,N/A,N/A,N/A,polygon,write,147,success
537,2026-04-23T10:34:03.559Z,N/A,N/A,N/A,fabric,write,240,success
538,2026-04-23T10:34:03.590Z,N/A,N/A,N/A,fabric,write,271,success
539,2026-04-23T10:34:03.591Z,N/A,N/A,N/A,fabric,write,271,success
540,2026-04-23T10:34:03.605Z,N/A,N/A,N/A,fabric,write,283,success
541,2026-04-23T10:34:03.715Z,N/A,N/A,N/A,fabric,write,103,success
542,2026-04-23T10:34:03.746Z,N/A,N/A,N/A,polygon,write,136,success
543,2026-04-23T10:34:03.747Z,N/A,N/A,N/A,polygon,write,135,success
544,2026-04-23T10:34:03.762Z,N/A,N/A,N/A,polygon,write,149,success
545,2026-04-23T10:34:03.778Z,N/A,N/A,N/A,polygon,write,167,success
546,2026-04-23T10:34:03.793Z,N/A,N/A,N/A,polygon,write,181,success
547,2026-04-23T10:34:03.824Z,N/A,N/A,N/A,fabric,write,213,success
548,2026-04-23T10:34:03.840Z,N/A,N/A,N/A,fabric,write,229,success
549,2026-04-23T10:34:03.903Z,N/A,N/A,N/A,fabric,write,291,success
550,2026-04-23T10:34:03.903Z,N/A,N/A,N/A,fabric,write,290,success
551,2026-04-23T10:34:04.027Z,N/A,N/A,N/A,polygon,write,119,success
552,2026-04-23T10:34:04.028Z,N/A,N/A,N/A,polygon,write,120,success
553,2026-04-23T10:34:04.043Z,N/A,N/A,N/A,polygon,write,134,success
554,2026-04-23T10:34:04.058Z,N/A,N/A,N/A,polygon,write,149,success
555,2026-04-23T10:34:04.089Z,N/A,N/A,N/A,fabric,write,180,success
556,2026-04-23T10:34:04.104Z,N/A,N/A,N/A,polygon,write,197,success
557,2026-04-23T10:34:04.120Z,N/A,N/A,N/A,fabric,write,211,success
558,2026-04-23T10:34:04.136Z,N/A,N/A,N/A,fabric,write,228,success
559,2026-04-23T10:34:04.152Z,N/A,N/A,N/A,fabric,write,244,success
560,2026-04-23T10:34:04.199Z,N/A,N/A,N/A,fabric,write,290,success
561,2026-04-23T10:34:04.339Z,N/A,N/A,N/A,polygon,write,135,success
562,2026-04-23T10:34:04.371Z,N/A,N/A,N/A,polygon,write,168,success
563,2026-04-23T10:34:04.387Z,N/A,N/A,N/A,polygon,write,182,success
564,2026-04-23T10:34:04.403Z,N/A,N/A,N/A,polygon,write,198,success
565,2026-04-23T10:34:04.403Z,N/A,N/A,N/A,polygon,write,198,success
566,2026-04-23T10:34:04.419Z,N/A,N/A,N/A,fabric,write,214,success
567,2026-04-23T10:34:04.450Z,N/A,N/A,N/A,fabric,write,246,success
568,2026-04-23T10:34:04.465Z,N/A,N/A,N/A,fabric,write,259,success
569,2026-04-23T10:34:04.466Z,N/A,N/A,N/A,fabric,write,262,success
570,2026-04-23T10:34:04.481Z,N/A,N/A,N/A,fabric,write,276,success
571,2026-04-23T10:34:04.589Z,N/A,N/A,N/A,fabric,write,104,success
572,2026-04-23T10:34:04.605Z,N/A,N/A,N/A,polygon,write,118,success
573,2026-04-23T10:34:04.605Z,N/A,N/A,N/A,fabric,write,118,success
574,2026-04-23T10:34:04.621Z,N/A,N/A,N/A,polygon,write,135,success
575,2026-04-23T10:34:04.622Z,N/A,N/A,N/A,fabric,write,136,success
576,2026-04-23T10:34:04.637Z,N/A,N/A,N/A,polygon,write,152,success
577,2026-04-23T10:34:04.637Z,N/A,N/A,N/A,polygon,write,152,success
578,2026-04-23T10:34:04.652Z,N/A,N/A,N/A,polygon,write,166,success
579,2026-04-23T10:34:04.668Z,N/A,N/A,N/A,fabric,write,181,success
580,2026-04-23T10:34:04.714Z,N/A,N/A,N/A,fabric,write,228,success
581,2026-04-23T10:34:04.839Z,N/A,N/A,N/A,fabric,write,120,success
582,2026-04-23T10:34:04.855Z,N/A,N/A,N/A,fabric,write,137,success
583,2026-04-23T10:34:04.886Z,N/A,N/A,N/A,fabric,write,167,success
584,2026-04-23T10:34:04.887Z,N/A,N/A,N/A,polygon,write,169,success
585,2026-04-23T10:34:04.887Z,N/A,N/A,N/A,polygon,write,167,success
586,2026-04-23T10:34:04.902Z,N/A,N/A,N/A,polygon,write,183,success
587,2026-04-23T10:34:04.903Z,N/A,N/A,N/A,polygon,write,183,success
588,2026-04-23T10:34:04.933Z,N/A,N/A,N/A,polygon,write,214,success
589,2026-04-23T10:34:04.964Z,N/A,N/A,N/A,fabric,write,244,success
590,2026-04-23T10:34:05.011Z,N/A,N/A,N/A,fabric,write,291,success
591,2026-04-23T10:34:05.136Z,N/A,N/A,N/A,fabric,write,117,success
592,2026-04-23T10:34:05.137Z,N/A,N/A,N/A,fabric,write,118,success
593,2026-04-23T10:34:05.152Z,N/A,N/A,N/A,polygon,write,134,success
594,2026-04-23T10:34:05.168Z,N/A,N/A,N/A,polygon,write,150,success
595,2026-04-23T10:34:05.168Z,N/A,N/A,N/A,fabric,write,150,success
596,2026-04-23T10:34:05.199Z,N/A,N/A,N/A,polygon,write,180,success
597,2026-04-23T10:34:05.199Z,N/A,N/A,N/A,polygon,write,183,success
598,2026-04-23T10:34:05.200Z,N/A,N/A,N/A,polygon,write,181,success
599,2026-04-23T10:34:05.324Z,N/A,N/A,N/A,fabric,write,307,success
600,2026-04-23T10:34:05.325Z,N/A,N/A,N/A,fabric,write,307,success
601,2026-04-23T10:34:05.417Z,N/A,N/A,N/A,fabric,write,86,success
602,2026-04-23T10:34:05.448Z,N/A,N/A,N/A,polygon,write,117,success
603,2026-04-23T10:34:05.449Z,N/A,N/A,N/A,polygon,write,118,success
604,2026-04-23T10:34:05.463Z,N/A,N/A,N/A,polygon,write,133,success
605,2026-04-23T10:34:05.494Z,N/A,N/A,N/A,polygon,write,163,success
606,2026-04-23T10:34:05.510Z,N/A,N/A,N/A,polygon,write,181,success
607,2026-04-23T10:34:05.511Z,N/A,N/A,N/A,fabric,write,180,success
608,2026-04-23T10:34:05.526Z,N/A,N/A,N/A,fabric,write,194,success
609,2026-04-23T10:34:05.557Z,N/A,N/A,N/A,fabric,write,227,success
610,2026-04-23T10:34:05.603Z,N/A,N/A,N/A,fabric,write,273,success
611,2026-04-23T10:34:05.712Z,N/A,N/A,N/A,fabric,write,104,success
612,2026-04-23T10:34:05.759Z,N/A,N/A,N/A,polygon,write,150,success
613,2026-04-23T10:34:05.774Z,N/A,N/A,N/A,polygon,write,165,success
614,2026-04-23T10:34:05.775Z,N/A,N/A,N/A,polygon,write,165,success
615,2026-04-23T10:34:05.805Z,N/A,N/A,N/A,polygon,write,197,success
616,2026-04-23T10:34:05.805Z,N/A,N/A,N/A,fabric,write,196,success
617,2026-04-23T10:34:05.820Z,N/A,N/A,N/A,polygon,write,210,success
618,2026-04-23T10:34:05.851Z,N/A,N/A,N/A,fabric,write,241,success
619,2026-04-23T10:34:05.851Z,N/A,N/A,N/A,fabric,write,242,success
620,2026-04-23T10:34:05.898Z,N/A,N/A,N/A,fabric,write,288,success
621,2026-04-23T10:34:06.006Z,N/A,N/A,N/A,fabric,write,102,success
622,2026-04-23T10:34:06.021Z,N/A,N/A,N/A,fabric,write,118,success
623,2026-04-23T10:34:06.022Z,N/A,N/A,N/A,polygon,write,118,success
624,2026-04-23T10:34:06.066Z,N/A,N/A,N/A,polygon,write,160,success
625,2026-04-23T10:34:06.097Z,N/A,N/A,N/A,polygon,write,192,success
626,2026-04-23T10:34:06.098Z,N/A,N/A,N/A,polygon,write,195,success
627,2026-04-23T10:34:06.098Z,N/A,N/A,N/A,polygon,write,194,success
628,2026-04-23T10:34:06.129Z,N/A,N/A,N/A,fabric,write,224,success
629,2026-04-23T10:34:06.160Z,N/A,N/A,N/A,fabric,write,254,success
630,2026-04-23T10:34:06.206Z,N/A,N/A,N/A,fabric,write,300,success
631,2026-04-23T10:34:06.314Z,N/A,N/A,N/A,fabric,write,103,success
632,2026-04-23T10:34:06.330Z,N/A,N/A,N/A,polygon,write,119,success
633,2026-04-23T10:34:06.330Z,N/A,N/A,N/A,polygon,write,118,success
634,2026-04-23T10:34:06.331Z,N/A,N/A,N/A,fabric,write,119,success
635,2026-04-23T10:34:06.331Z,N/A,N/A,N/A,polygon,write,119,success
636,2026-04-23T10:34:06.362Z,N/A,N/A,N/A,fabric,write,150,success
637,2026-04-23T10:34:06.393Z,N/A,N/A,N/A,polygon,write,183,success
638,2026-04-23T10:34:06.393Z,N/A,N/A,N/A,fabric,write,182,success
639,2026-04-23T10:34:06.424Z,N/A,N/A,N/A,polygon,write,213,success
640,2026-04-23T10:34:06.455Z,N/A,N/A,N/A,fabric,write,243,success
641,2026-04-23T10:34:06.579Z,N/A,N/A,N/A,polygon,write,118,success
642,2026-04-23T10:34:06.579Z,N/A,N/A,N/A,polygon,write,117,success
643,2026-04-23T10:34:06.580Z,N/A,N/A,N/A,polygon,write,120,success
644,2026-04-23T10:34:06.595Z,N/A,N/A,N/A,polygon,write,134,success
645,2026-04-23T10:34:06.610Z,N/A,N/A,N/A,fabric,write,149,success
646,2026-04-23T10:34:06.641Z,N/A,N/A,N/A,polygon,write,179,success
647,2026-04-23T10:34:06.672Z,N/A,N/A,N/A,fabric,write,212,success
648,2026-04-23T10:34:06.735Z,N/A,N/A,N/A,fabric,write,274,success
649,2026-04-23T10:34:06.750Z,N/A,N/A,N/A,fabric,write,288,success
650,2026-04-23T10:34:06.766Z,N/A,N/A,N/A,fabric,write,304,success
651,2026-04-23T10:34:06.891Z,N/A,N/A,N/A,polygon,write,120,success
652,2026-04-23T10:34:06.891Z,N/A,N/A,N/A,polygon,write,119,success
653,2026-04-23T10:34:06.892Z,N/A,N/A,N/A,polygon,write,119,success
654,2026-04-23T10:34:06.939Z,N/A,N/A,N/A,polygon,write,165,success
655,2026-04-23T10:34:06.955Z,N/A,N/A,N/A,polygon,write,182,success
656,2026-04-23T10:34:07.001Z,N/A,N/A,N/A,fabric,write,229,success
657,2026-04-23T10:34:07.002Z,N/A,N/A,N/A,fabric,write,229,success
658,2026-04-23T10:34:07.032Z,N/A,N/A,N/A,fabric,write,261,success
659,2026-04-23T10:34:07.064Z,N/A,N/A,N/A,fabric,write,290,success
660,2026-04-23T10:34:07.080Z,N/A,N/A,N/A,fabric,write,306,success
661,2026-04-23T10:34:07.190Z,N/A,N/A,N/A,fabric,write,104,success
662,2026-04-23T10:34:07.191Z,N/A,N/A,N/A,polygon,write,105,success
663,2026-04-23T10:34:07.206Z,N/A,N/A,N/A,polygon,write,120,success
664,2026-04-23T10:34:07.207Z,N/A,N/A,N/A,fabric,write,120,success
665,2026-04-23T10:34:07.222Z,N/A,N/A,N/A,fabric,write,136,success
666,2026-04-23T10:34:07.268Z,N/A,N/A,N/A,polygon,write,183,success
667,2026-04-23T10:34:07.283Z,N/A,N/A,N/A,polygon,write,198,success
668,2026-04-23T10:34:07.284Z,N/A,N/A,N/A,polygon,write,200,success
669,2026-04-23T10:34:07.330Z,N/A,N/A,N/A,fabric,write,246,success
670,2026-04-23T10:34:07.361Z,N/A,N/A,N/A,fabric,write,276,success
671,2026-04-23T10:34:07.469Z,N/A,N/A,N/A,polygon,write,104,success
672,2026-04-23T10:34:07.470Z,N/A,N/A,N/A,polygon,write,104,success
673,2026-04-23T10:34:07.500Z,N/A,N/A,N/A,polygon,write,134,success
674,2026-04-23T10:34:07.516Z,N/A,N/A,N/A,fabric,write,150,success
675,2026-04-23T10:34:07.516Z,N/A,N/A,N/A,fabric,write,151,success
676,2026-04-23T10:34:07.531Z,N/A,N/A,N/A,polygon,write,164,success
677,2026-04-23T10:34:07.563Z,N/A,N/A,N/A,fabric,write,197,success
678,2026-04-23T10:34:07.564Z,N/A,N/A,N/A,polygon,write,199,success
679,2026-04-23T10:34:07.624Z,N/A,N/A,N/A,fabric,write,258,success
680,2026-04-23T10:34:07.656Z,N/A,N/A,N/A,fabric,write,289,success
681,2026-04-23T10:34:07.749Z,N/A,N/A,N/A,fabric,write,88,success
682,2026-04-23T10:34:07.780Z,N/A,N/A,N/A,polygon,write,118,success
683,2026-04-23T10:34:07.811Z,N/A,N/A,N/A,fabric,write,150,success
684,2026-04-23T10:34:07.825Z,N/A,N/A,N/A,polygon,write,165,success
685,2026-04-23T10:34:07.841Z,N/A,N/A,N/A,fabric,write,179,success
686,2026-04-23T10:34:07.841Z,N/A,N/A,N/A,polygon,write,180,success
687,2026-04-23T10:34:07.842Z,N/A,N/A,N/A,polygon,write,180,success
688,2026-04-23T10:34:07.856Z,N/A,N/A,N/A,polygon,write,193,success
689,2026-04-23T10:34:07.920Z,N/A,N/A,N/A,fabric,write,257,success
690,2026-04-23T10:34:07.935Z,N/A,N/A,N/A,fabric,write,272,success
691,2026-04-23T10:34:08.045Z,N/A,N/A,N/A,fabric,write,104,success
692,2026-04-23T10:34:08.061Z,N/A,N/A,N/A,polygon,write,119,success
693,2026-04-23T10:34:08.077Z,N/A,N/A,N/A,polygon,write,136,success
694,2026-04-23T10:34:08.077Z,N/A,N/A,N/A,polygon,write,135,success
695,2026-04-23T10:34:08.092Z,N/A,N/A,N/A,fabric,write,152,success
696,2026-04-23T10:34:08.093Z,N/A,N/A,N/A,polygon,write,153,success
697,2026-04-23T10:34:08.107Z,N/A,N/A,N/A,polygon,write,168,success
698,2026-04-23T10:34:08.154Z,N/A,N/A,N/A,fabric,write,213,success
699,2026-04-23T10:34:08.185Z,N/A,N/A,N/A,fabric,write,243,success
700,2026-04-23T10:34:08.202Z,N/A,N/A,N/A,fabric,write,260,success
701,2026-04-23T10:35:24.724Z,N/A,N/A,N/A,fabric,write,107,success
702,2026-04-23T10:35:24.740Z,N/A,N/A,N/A,polygon,write,122,success
703,2026-04-23T10:35:24.741Z,N/A,N/A,N/A,polygon,write,122,success
704,2026-04-23T10:35:24.771Z,N/A,N/A,N/A,fabric,write,153,success
705,2026-04-23T10:35:24.787Z,N/A,N/A,N/A,polygon,write,170,success
706,2026-04-23T10:35:24.787Z,N/A,N/A,N/A,polygon,write,167,success
707,2026-04-23T10:35:24.788Z,N/A,N/A,N/A,polygon,write,172,success
708,2026-04-23T10:35:24.803Z,N/A,N/A,N/A,polygon,write,186,success
709,2026-04-23T10:35:24.807Z,N/A,N/A,N/A,polygon,write,191,success
710,2026-04-23T10:35:24.810Z,N/A,N/A,N/A,polygon,write,190,success
711,2026-04-23T10:35:24.822Z,N/A,N/A,N/A,polygon,write,203,success
712,2026-04-23T10:35:24.822Z,N/A,N/A,N/A,polygon,write,203,success
713,2026-04-23T10:35:24.823Z,N/A,N/A,N/A,fabric,write,204,success
714,2026-04-23T10:35:24.833Z,N/A,N/A,N/A,fabric,write,213,success
715,2026-04-23T10:35:24.834Z,N/A,N/A,N/A,fabric,write,218,success
716,2026-04-23T10:35:24.848Z,N/A,N/A,N/A,fabric,write,228,success
717,2026-04-23T10:35:24.849Z,N/A,N/A,N/A,fabric,write,231,success
718,2026-04-23T10:35:24.895Z,N/A,N/A,N/A,fabric,write,278,success
719,2026-04-23T10:35:24.896Z,N/A,N/A,N/A,fabric,write,277,success
720,2026-04-23T10:35:24.911Z,N/A,N/A,N/A,fabric,write,291,success
721,2026-04-23T10:35:25.020Z,N/A,N/A,N/A,fabric,write,97,success
722,2026-04-23T10:35:25.036Z,N/A,N/A,N/A,polygon,write,114,success
723,2026-04-23T10:35:25.036Z,N/A,N/A,N/A,polygon,write,114,success
724,2026-04-23T10:35:25.037Z,N/A,N/A,N/A,polygon,write,116,success
725,2026-04-23T10:35:25.052Z,N/A,N/A,N/A,polygon,write,132,success
726,2026-04-23T10:35:25.053Z,N/A,N/A,N/A,polygon,write,133,success
727,2026-04-23T10:35:25.067Z,N/A,N/A,N/A,fabric,write,143,success
728,2026-04-23T10:35:25.068Z,N/A,N/A,N/A,polygon,write,148,success
729,2026-04-23T10:35:25.084Z,N/A,N/A,N/A,fabric,write,161,success
730,2026-04-23T10:35:25.084Z,N/A,N/A,N/A,fabric,write,161,success
731,2026-04-23T10:35:25.085Z,N/A,N/A,N/A,polygon,write,163,success
732,2026-04-23T10:35:25.099Z,N/A,N/A,N/A,polygon,write,176,success
733,2026-04-23T10:35:25.099Z,N/A,N/A,N/A,polygon,write,176,success
734,2026-04-23T10:35:25.100Z,N/A,N/A,N/A,fabric,write,179,success
735,2026-04-23T10:35:25.114Z,N/A,N/A,N/A,fabric,write,193,success
736,2026-04-23T10:35:25.129Z,N/A,N/A,N/A,polygon,write,205,success
737,2026-04-23T10:35:25.145Z,N/A,N/A,N/A,fabric,write,223,success
738,2026-04-23T10:35:25.145Z,N/A,N/A,N/A,fabric,write,225,success
739,2026-04-23T10:35:25.176Z,N/A,N/A,N/A,fabric,write,254,success
740,2026-04-23T10:35:25.208Z,N/A,N/A,N/A,fabric,write,288,success
741,2026-04-23T10:35:25.301Z,N/A,N/A,N/A,fabric,write,84,success
742,2026-04-23T10:35:25.331Z,N/A,N/A,N/A,polygon,write,114,success
743,2026-04-23T10:35:25.333Z,N/A,N/A,N/A,fabric,write,115,success
744,2026-04-23T10:35:25.346Z,N/A,N/A,N/A,polygon,write,129,success
745,2026-04-23T10:35:25.362Z,N/A,N/A,N/A,fabric,write,144,success
746,2026-04-23T10:35:25.363Z,N/A,N/A,N/A,polygon,write,147,success
747,2026-04-23T10:35:25.363Z,N/A,N/A,N/A,polygon,write,148,success
748,2026-04-23T10:35:25.378Z,N/A,N/A,N/A,polygon,write,160,success
749,2026-04-23T10:35:25.378Z,N/A,N/A,N/A,polygon,write,160,success
750,2026-04-23T10:35:25.379Z,N/A,N/A,N/A,polygon,write,162,success
751,2026-04-23T10:35:25.393Z,N/A,N/A,N/A,polygon,write,177,success
752,2026-04-23T10:35:25.393Z,N/A,N/A,N/A,polygon,write,179,success
753,2026-04-23T10:35:25.394Z,N/A,N/A,N/A,fabric,write,177,success
754,2026-04-23T10:35:25.408Z,N/A,N/A,N/A,polygon,write,190,success
755,2026-04-23T10:35:25.423Z,N/A,N/A,N/A,fabric,write,207,success
756,2026-04-23T10:35:25.439Z,N/A,N/A,N/A,fabric,write,222,success
757,2026-04-23T10:35:25.455Z,N/A,N/A,N/A,fabric,write,240,success
758,2026-04-23T10:35:25.470Z,N/A,N/A,N/A,fabric,write,255,success
759,2026-04-23T10:35:25.516Z,N/A,N/A,N/A,fabric,write,297,success
760,2026-04-23T10:35:25.517Z,N/A,N/A,N/A,fabric,write,301,success
761,2026-04-23T10:35:25.642Z,N/A,N/A,N/A,polygon,write,113,success
762,2026-04-23T10:35:25.643Z,N/A,N/A,N/A,polygon,write,116,success
763,2026-04-23T10:35:25.643Z,N/A,N/A,N/A,polygon,write,118,success
764,2026-04-23T10:35:25.658Z,N/A,N/A,N/A,fabric,write,131,success
765,2026-04-23T10:35:25.673Z,N/A,N/A,N/A,polygon,write,146,success
766,2026-04-23T10:35:25.674Z,N/A,N/A,N/A,polygon,write,146,success
767,2026-04-23T10:35:25.689Z,N/A,N/A,N/A,fabric,write,161,success
768,2026-04-23T10:35:25.689Z,N/A,N/A,N/A,polygon,write,161,success
769,2026-04-23T10:35:25.690Z,N/A,N/A,N/A,polygon,write,166,success
770,2026-04-23T10:35:25.690Z,N/A,N/A,N/A,polygon,write,163,success
771,2026-04-23T10:35:25.690Z,N/A,N/A,N/A,polygon,write,164,success
772,2026-04-23T10:35:25.720Z,N/A,N/A,N/A,fabric,write,195,success
773,2026-04-23T10:35:25.720Z,N/A,N/A,N/A,polygon,write,195,success
774,2026-04-23T10:35:25.735Z,N/A,N/A,N/A,fabric,write,208,success
775,2026-04-23T10:35:25.768Z,N/A,N/A,N/A,fabric,write,242,success
776,2026-04-23T10:35:25.769Z,N/A,N/A,N/A,fabric,write,244,success
777,2026-04-23T10:35:25.784Z,N/A,N/A,N/A,fabric,write,258,success
778,2026-04-23T10:35:25.801Z,N/A,N/A,N/A,fabric,write,273,success
779,2026-04-23T10:35:25.815Z,N/A,N/A,N/A,fabric,write,287,success
780,2026-04-23T10:35:25.816Z,N/A,N/A,N/A,fabric,write,287,success
781,2026-04-23T10:35:25.941Z,N/A,N/A,N/A,polygon,write,114,success
782,2026-04-23T10:35:25.941Z,N/A,N/A,N/A,polygon,write,113,success
783,2026-04-23T10:35:25.956Z,N/A,N/A,N/A,polygon,write,133,success
784,2026-04-23T10:35:25.957Z,N/A,N/A,N/A,fabric,write,130,success
785,2026-04-23T10:35:25.957Z,N/A,N/A,N/A,polygon,write,133,success
786,2026-04-23T10:35:25.958Z,N/A,N/A,N/A,fabric,write,131,success
787,2026-04-23T10:35:25.958Z,N/A,N/A,N/A,fabric,write,134,success
788,2026-04-23T10:35:25.972Z,N/A,N/A,N/A,polygon,write,149,success
789,2026-04-23T10:35:25.973Z,N/A,N/A,N/A,polygon,write,147,success
790,2026-04-23T10:35:25.973Z,N/A,N/A,N/A,fabric,write,147,success
791,2026-04-23T10:35:25.988Z,N/A,N/A,N/A,polygon,write,163,success
792,2026-04-23T10:35:25.990Z,N/A,N/A,N/A,fabric,write,167,success
793,2026-04-23T10:35:25.990Z,N/A,N/A,N/A,fabric,write,164,success
794,2026-04-23T10:35:26.004Z,N/A,N/A,N/A,polygon,write,177,success
795,2026-04-23T10:35:26.019Z,N/A,N/A,N/A,polygon,write,194,success
796,2026-04-23T10:35:26.034Z,N/A,N/A,N/A,polygon,write,207,success
797,2026-04-23T10:35:26.050Z,N/A,N/A,N/A,fabric,write,222,success
798,2026-04-23T10:35:26.081Z,N/A,N/A,N/A,fabric,write,253,success
799,2026-04-23T10:35:26.097Z,N/A,N/A,N/A,fabric,write,272,success
800,2026-04-23T10:35:26.097Z,N/A,N/A,N/A,fabric,write,273,success
801,2026-04-23T10:35:26.206Z,N/A,N/A,N/A,fabric,write,98,success
802,2026-04-23T10:35:26.206Z,N/A,N/A,N/A,fabric,write,100,success
803,2026-04-23T10:35:26.207Z,N/A,N/A,N/A,fabric,write,99,success
804,2026-04-23T10:35:26.221Z,N/A,N/A,N/A,fabric,write,112,success
805,2026-04-23T10:35:26.222Z,N/A,N/A,N/A,fabric,write,117,success
806,2026-04-23T10:35:26.222Z,N/A,N/A,N/A,fabric,write,112,success
807,2026-04-23T10:35:26.222Z,N/A,N/A,N/A,polygon,write,113,success
808,2026-04-23T10:35:26.222Z,N/A,N/A,N/A,polygon,write,116,success
809,2026-04-23T10:35:26.223Z,N/A,N/A,N/A,fabric,write,116,success
810,2026-04-23T10:35:26.236Z,N/A,N/A,N/A,polygon,write,129,success
811,2026-04-23T10:35:26.252Z,N/A,N/A,N/A,polygon,write,143,success
812,2026-04-23T10:35:26.252Z,N/A,N/A,N/A,polygon,write,143,success
813,2026-04-23T10:35:26.267Z,N/A,N/A,N/A,fabric,write,158,success
814,2026-04-23T10:35:26.283Z,N/A,N/A,N/A,polygon,write,175,success
815,2026-04-23T10:35:26.284Z,N/A,N/A,N/A,polygon,write,179,success
816,2026-04-23T10:35:26.284Z,N/A,N/A,N/A,polygon,write,174,success
817,2026-04-23T10:35:26.298Z,N/A,N/A,N/A,polygon,write,190,success
818,2026-04-23T10:35:26.314Z,N/A,N/A,N/A,polygon,write,208,success
819,2026-04-23T10:35:26.315Z,N/A,N/A,N/A,fabric,write,205,success
820,2026-04-23T10:35:26.361Z,N/A,N/A,N/A,fabric,write,254,success
821,2026-04-23T10:35:26.469Z,N/A,N/A,N/A,fabric,write,97,success
822,2026-04-23T10:35:26.470Z,N/A,N/A,N/A,fabric,write,99,success
823,2026-04-23T10:35:26.484Z,N/A,N/A,N/A,polygon,write,115,success
824,2026-04-23T10:35:26.484Z,N/A,N/A,N/A,polygon,write,115,success
825,2026-04-23T10:35:26.485Z,N/A,N/A,N/A,polygon,write,115,success
826,2026-04-23T10:35:26.485Z,N/A,N/A,N/A,fabric,write,115,success
827,2026-04-23T10:35:26.500Z,N/A,N/A,N/A,fabric,write,129,success
828,2026-04-23T10:35:26.501Z,N/A,N/A,N/A,fabric,write,131,success
829,2026-04-23T10:35:26.516Z,N/A,N/A,N/A,fabric,write,147,success
830,2026-04-23T10:35:26.532Z,N/A,N/A,N/A,fabric,write,163,success
831,2026-04-23T10:35:26.548Z,N/A,N/A,N/A,polygon,write,177,success
832,2026-04-23T10:35:26.548Z,N/A,N/A,N/A,fabric,write,181,success
833,2026-04-23T10:35:26.549Z,N/A,N/A,N/A,polygon,write,179,success
834,2026-04-23T10:35:26.564Z,N/A,N/A,N/A,polygon,write,193,success
835,2026-04-23T10:35:26.564Z,N/A,N/A,N/A,polygon,write,197,success
836,2026-04-23T10:35:26.565Z,N/A,N/A,N/A,polygon,write,193,success
837,2026-04-23T10:35:26.565Z,N/A,N/A,N/A,polygon,write,195,success
838,2026-04-23T10:35:26.565Z,N/A,N/A,N/A,polygon,write,194,success
839,2026-04-23T10:35:26.627Z,N/A,N/A,N/A,fabric,write,256,success
840,2026-04-23T10:35:26.673Z,N/A,N/A,N/A,fabric,write,301,success
841,2026-04-23T10:35:26.783Z,N/A,N/A,N/A,fabric,write,97,success
842,2026-04-23T10:35:26.783Z,N/A,N/A,N/A,fabric,write,102,success
843,2026-04-23T10:35:26.798Z,N/A,N/A,N/A,fabric,write,114,success
844,2026-04-23T10:35:26.799Z,N/A,N/A,N/A,polygon,write,115,success
845,2026-04-23T10:35:26.799Z,N/A,N/A,N/A,polygon,write,119,success
846,2026-04-23T10:35:26.813Z,N/A,N/A,N/A,polygon,write,131,success
847,2026-04-23T10:35:26.814Z,N/A,N/A,N/A,fabric,write,128,success
848,2026-04-23T10:35:26.829Z,N/A,N/A,N/A,fabric,write,144,success
849,2026-04-23T10:35:26.829Z,N/A,N/A,N/A,polygon,write,143,success
850,2026-04-23T10:35:26.844Z,N/A,N/A,N/A,polygon,write,158,success
851,2026-04-23T10:35:26.845Z,N/A,N/A,N/A,fabric,write,162,success
852,2026-04-23T10:35:26.860Z,N/A,N/A,N/A,polygon,write,177,success
853,2026-04-23T10:35:26.860Z,N/A,N/A,N/A,polygon,write,175,success
854,2026-04-23T10:35:26.875Z,N/A,N/A,N/A,polygon,write,192,success
855,2026-04-23T10:35:26.890Z,N/A,N/A,N/A,polygon,write,206,success
856,2026-04-23T10:35:26.891Z,N/A,N/A,N/A,polygon,write,206,success
857,2026-04-23T10:35:26.936Z,N/A,N/A,N/A,fabric,write,252,success
858,2026-04-23T10:35:26.968Z,N/A,N/A,N/A,fabric,write,283,success
859,2026-04-23T10:35:26.983Z,N/A,N/A,N/A,fabric,write,300,success
860,2026-04-23T10:35:26.984Z,N/A,N/A,N/A,fabric,write,299,success
861,2026-04-23T10:35:27.094Z,N/A,N/A,N/A,polygon,write,104,success
862,2026-04-23T10:35:27.110Z,N/A,N/A,N/A,fabric,write,116,success
863,2026-04-23T10:35:27.110Z,N/A,N/A,N/A,polygon,write,117,success
864,2026-04-23T10:35:27.111Z,N/A,N/A,N/A,polygon,write,117,success
865,2026-04-23T10:35:27.126Z,N/A,N/A,N/A,polygon,write,134,success
866,2026-04-23T10:35:27.141Z,N/A,N/A,N/A,polygon,write,148,success
867,2026-04-23T10:35:27.142Z,N/A,N/A,N/A,fabric,write,149,success
868,2026-04-23T10:35:27.142Z,N/A,N/A,N/A,polygon,write,148,success
869,2026-04-23T10:35:27.142Z,N/A,N/A,N/A,polygon,write,147,success
870,2026-04-23T10:35:27.173Z,N/A,N/A,N/A,polygon,write,179,success
871,2026-04-23T10:35:27.189Z,N/A,N/A,N/A,polygon,write,194,success
872,2026-04-23T10:35:27.190Z,N/A,N/A,N/A,polygon,write,199,success
873,2026-04-23T10:35:27.204Z,N/A,N/A,N/A,fabric,write,209,success
874,2026-04-23T10:35:27.220Z,N/A,N/A,N/A,fabric,write,225,success
875,2026-04-23T10:35:27.251Z,N/A,N/A,N/A,fabric,write,259,success
876,2026-04-23T10:35:27.282Z,N/A,N/A,N/A,fabric,write,289,success
877,2026-04-23T10:35:27.283Z,N/A,N/A,N/A,fabric,write,288,success
878,2026-04-23T10:35:27.283Z,N/A,N/A,N/A,fabric,write,289,success
879,2026-04-23T10:35:27.283Z,N/A,N/A,N/A,fabric,write,292,success
880,2026-04-23T10:35:27.284Z,N/A,N/A,N/A,fabric,write,292,success
881,2026-04-23T10:35:27.392Z,N/A,N/A,N/A,fabric,write,95,success
882,2026-04-23T10:35:27.408Z,N/A,N/A,N/A,fabric,write,113,success
883,2026-04-23T10:35:27.423Z,N/A,N/A,N/A,fabric,write,131,success
884,2026-04-23T10:35:27.423Z,N/A,N/A,N/A,polygon,write,130,success
885,2026-04-23T10:35:27.438Z,N/A,N/A,N/A,fabric,write,142,success
886,2026-04-23T10:35:27.438Z,N/A,N/A,N/A,polygon,write,142,success
887,2026-04-23T10:35:27.439Z,N/A,N/A,N/A,polygon,write,147,success
888,2026-04-23T10:35:27.439Z,N/A,N/A,N/A,polygon,write,148,success
889,2026-04-23T10:35:27.453Z,N/A,N/A,N/A,fabric,write,160,success
890,2026-04-23T10:35:27.453Z,N/A,N/A,N/A,polygon,write,161,success
891,2026-04-23T10:35:27.468Z,N/A,N/A,N/A,polygon,write,169,success
892,2026-04-23T10:35:27.469Z,N/A,N/A,N/A,polygon,write,175,success
893,2026-04-23T10:35:27.469Z,N/A,N/A,N/A,polygon,write,174,success
894,2026-04-23T10:35:27.499Z,N/A,N/A,N/A,polygon,write,206,success
895,2026-04-23T10:35:27.500Z,N/A,N/A,N/A,polygon,write,204,success
896,2026-04-23T10:35:27.515Z,N/A,N/A,N/A,fabric,write,220,success
897,2026-04-23T10:35:27.516Z,N/A,N/A,N/A,fabric,write,225,success
898,2026-04-23T10:35:27.531Z,N/A,N/A,N/A,fabric,write,237,success
899,2026-04-23T10:35:27.531Z,N/A,N/A,N/A,fabric,write,238,success
900,2026-04-23T10:35:27.562Z,N/A,N/A,N/A,fabric,write,263,success
901,2026-04-23T10:35:27.701Z,N/A,N/A,N/A,fabric,write,130,success
902,2026-04-23T10:35:27.702Z,N/A,N/A,N/A,polygon,write,128,success
903,2026-04-23T10:35:27.717Z,N/A,N/A,N/A,fabric,write,144,success
904,2026-04-23T10:35:27.717Z,N/A,N/A,N/A,fabric,write,144,success
905,2026-04-23T10:35:27.717Z,N/A,N/A,N/A,polygon,write,145,success
906,2026-04-23T10:35:27.718Z,N/A,N/A,N/A,polygon,write,144,success
907,2026-04-23T10:35:27.732Z,N/A,N/A,N/A,polygon,write,159,success
908,2026-04-23T10:35:27.733Z,N/A,N/A,N/A,fabric,write,158,success
909,2026-04-23T10:35:27.733Z,N/A,N/A,N/A,fabric,write,163,success
910,2026-04-23T10:35:27.748Z,N/A,N/A,N/A,polygon,write,177,success
911,2026-04-23T10:35:27.749Z,N/A,N/A,N/A,fabric,write,178,success
912,2026-04-23T10:35:27.749Z,N/A,N/A,N/A,polygon,write,179,success
913,2026-04-23T10:35:27.763Z,N/A,N/A,N/A,polygon,write,189,success
914,2026-04-23T10:35:27.764Z,N/A,N/A,N/A,polygon,write,192,success
915,2026-04-23T10:35:27.779Z,N/A,N/A,N/A,polygon,write,209,success
916,2026-04-23T10:35:27.780Z,N/A,N/A,N/A,polygon,write,207,success
917,2026-04-23T10:35:27.825Z,N/A,N/A,N/A,fabric,write,252,success
918,2026-04-23T10:35:27.825Z,N/A,N/A,N/A,fabric,write,253,success
919,2026-04-23T10:35:27.856Z,N/A,N/A,N/A,fabric,write,282,success
920,2026-04-23T10:35:27.872Z,N/A,N/A,N/A,fabric,write,298,success
921,2026-04-23T10:35:27.998Z,N/A,N/A,N/A,polygon,write,114,success
922,2026-04-23T10:35:27.999Z,N/A,N/A,N/A,polygon,write,116,success
923,2026-04-23T10:35:27.999Z,N/A,N/A,N/A,polygon,write,117,success
924,2026-04-23T10:35:28.000Z,N/A,N/A,N/A,fabric,write,118,success
925,2026-04-23T10:35:28.014Z,N/A,N/A,N/A,fabric,write,133,success
926,2026-04-23T10:35:28.014Z,N/A,N/A,N/A,polygon,write,135,success
927,2026-04-23T10:35:28.015Z,N/A,N/A,N/A,polygon,write,132,success
928,2026-04-23T10:35:28.029Z,N/A,N/A,N/A,polygon,write,150,success
929,2026-04-23T10:35:28.045Z,N/A,N/A,N/A,polygon,write,167,success
930,2026-04-23T10:35:28.046Z,N/A,N/A,N/A,fabric,write,163,success
931,2026-04-23T10:35:28.046Z,N/A,N/A,N/A,polygon,write,166,success
932,2026-04-23T10:35:28.077Z,N/A,N/A,N/A,polygon,write,196,success
933,2026-04-23T10:35:28.077Z,N/A,N/A,N/A,polygon,write,195,success
934,2026-04-23T10:35:28.092Z,N/A,N/A,N/A,fabric,write,209,success
935,2026-04-23T10:35:28.093Z,N/A,N/A,N/A,fabric,write,209,success
936,2026-04-23T10:35:28.094Z,N/A,N/A,N/A,fabric,write,214,success
937,2026-04-23T10:35:28.109Z,N/A,N/A,N/A,fabric,write,227,success
938,2026-04-23T10:35:28.124Z,N/A,N/A,N/A,fabric,write,246,success
939,2026-04-23T10:35:28.215Z,N/A,N/A,N/A,fabric,write,336,success
940,2026-04-23T10:35:28.216Z,N/A,N/A,N/A,fabric,write,335,success
941,2026-04-23T10:35:28.311Z,N/A,N/A,N/A,fabric,write,80,success
942,2026-04-23T10:35:28.327Z,N/A,N/A,N/A,fabric,write,94,success
943,2026-04-23T10:35:28.343Z,N/A,N/A,N/A,polygon,write,113,success
944,2026-04-23T10:35:28.343Z,N/A,N/A,N/A,polygon,write,110,success
945,2026-04-23T10:35:28.358Z,N/A,N/A,N/A,polygon,write,128,success
946,2026-04-23T10:35:28.359Z,N/A,N/A,N/A,polygon,write,134,success
947,2026-04-23T10:35:28.359Z,N/A,N/A,N/A,polygon,write,132,success
948,2026-04-23T10:35:28.360Z,N/A,N/A,N/A,polygon,write,128,success
949,2026-04-23T10:35:28.374Z,N/A,N/A,N/A,fabric,write,140,success
950,2026-04-23T10:35:28.375Z,N/A,N/A,N/A,polygon,write,143,success
951,2026-04-23T10:35:28.375Z,N/A,N/A,N/A,polygon,write,142,success
952,2026-04-23T10:35:28.375Z,N/A,N/A,N/A,polygon,write,147,success
953,2026-04-23T10:35:28.390Z,N/A,N/A,N/A,fabric,write,162,success
954,2026-04-23T10:35:28.390Z,N/A,N/A,N/A,fabric,write,158,success
955,2026-04-23T10:35:28.421Z,N/A,N/A,N/A,polygon,write,193,success
956,2026-04-23T10:35:28.421Z,N/A,N/A,N/A,fabric,write,195,success
957,2026-04-23T10:35:28.484Z,N/A,N/A,N/A,fabric,write,255,success
958,2026-04-23T10:35:28.516Z,N/A,N/A,N/A,fabric,write,283,success
959,2026-04-23T10:35:28.517Z,N/A,N/A,N/A,fabric,write,290,success
960,2026-04-23T10:35:28.517Z,N/A,N/A,N/A,fabric,write,287,success
961,2026-04-23T10:35:28.626Z,N/A,N/A,N/A,fabric,write,96,success
962,2026-04-23T10:35:28.642Z,N/A,N/A,N/A,polygon,write,118,success
963,2026-04-23T10:35:28.643Z,N/A,N/A,N/A,polygon,write,115,success
964,2026-04-23T10:35:28.643Z,N/A,N/A,N/A,fabric,write,119,success
965,2026-04-23T10:35:28.643Z,N/A,N/A,N/A,polygon,write,115,success
966,2026-04-23T10:35:28.657Z,N/A,N/A,N/A,fabric,write,128,success
967,2026-04-23T10:35:28.657Z,N/A,N/A,N/A,polygon,write,130,success
968,2026-04-23T10:35:28.658Z,N/A,N/A,N/A,polygon,write,134,success
969,2026-04-23T10:35:28.688Z,N/A,N/A,N/A,fabric,write,160,success
970,2026-04-23T10:35:28.689Z,N/A,N/A,N/A,fabric,write,164,success
971,2026-04-23T10:35:28.704Z,N/A,N/A,N/A,fabric,write,177,success
972,2026-04-23T10:35:28.704Z,N/A,N/A,N/A,polygon,write,179,success
973,2026-04-23T10:35:28.705Z,N/A,N/A,N/A,polygon,write,176,success
974,2026-04-23T10:35:28.719Z,N/A,N/A,N/A,polygon,write,196,success
975,2026-04-23T10:35:28.720Z,N/A,N/A,N/A,polygon,write,193,success
976,2026-04-23T10:35:28.720Z,N/A,N/A,N/A,polygon,write,191,success
977,2026-04-23T10:35:28.765Z,N/A,N/A,N/A,fabric,write,237,success
978,2026-04-23T10:35:28.781Z,N/A,N/A,N/A,fabric,write,257,success
979,2026-04-23T10:35:28.796Z,N/A,N/A,N/A,fabric,write,270,success
980,2026-04-23T10:35:28.828Z,N/A,N/A,N/A,fabric,write,299,success
981,2026-04-23T10:35:28.938Z,N/A,N/A,N/A,polygon,write,102,success
982,2026-04-23T10:35:28.939Z,N/A,N/A,N/A,polygon,write,104,success
983,2026-04-23T10:35:28.953Z,N/A,N/A,N/A,polygon,write,113,success
984,2026-04-23T10:35:28.954Z,N/A,N/A,N/A,polygon,write,113,success
985,2026-04-23T10:35:28.969Z,N/A,N/A,N/A,fabric,write,130,success
986,2026-04-23T10:35:28.970Z,N/A,N/A,N/A,polygon,write,133,success
987,2026-04-23T10:35:28.984Z,N/A,N/A,N/A,fabric,write,144,success
988,2026-04-23T10:35:29.000Z,N/A,N/A,N/A,fabric,write,160,success
989,2026-04-23T10:35:29.015Z,N/A,N/A,N/A,fabric,write,174,success
990,2026-04-23T10:35:29.016Z,N/A,N/A,N/A,polygon,write,176,success
991,2026-04-23T10:35:29.030Z,N/A,N/A,N/A,fabric,write,194,success
992,2026-04-23T10:35:29.031Z,N/A,N/A,N/A,fabric,write,195,success
993,2026-04-23T10:35:29.031Z,N/A,N/A,N/A,polygon,write,193,success
994,2026-04-23T10:35:29.031Z,N/A,N/A,N/A,polygon,write,192,success
995,2026-04-23T10:35:29.032Z,N/A,N/A,N/A,polygon,write,194,success
996,2026-04-23T10:35:29.046Z,N/A,N/A,N/A,polygon,write,209,success
997,2026-04-23T10:35:29.077Z,N/A,N/A,N/A,fabric,write,239,success
998,2026-04-23T10:35:29.108Z,N/A,N/A,N/A,fabric,write,271,success
999,2026-04-23T10:35:29.124Z,N/A,N/A,N/A,fabric,write,285,success
1000,2026-04-23T10:35:29.125Z,N/A,N/A,N/A,fabric,write,287,success
1001,2026-04-23T10:35:29.233Z,N/A,N/A,N/A,fabric,write,99,success
1002,2026-04-23T10:35:29.249Z,N/A,N/A,N/A,polygon,write,117,success
1003,2026-04-23T10:35:29.250Z,N/A,N/A,N/A,polygon,write,117,success
1004,2026-04-23T10:35:29.250Z,N/A,N/A,N/A,fabric,write,118,success
1005,2026-04-23T10:35:29.251Z,N/A,N/A,N/A,fabric,write,115,success
1006,2026-04-23T10:35:29.265Z,N/A,N/A,N/A,polygon,write,131,success
1007,2026-04-23T10:35:29.265Z,N/A,N/A,N/A,polygon,write,132,success
1008,2026-04-23T10:35:29.266Z,N/A,N/A,N/A,fabric,write,133,success
1009,2026-04-23T10:35:29.266Z,N/A,N/A,N/A,polygon,write,134,success
1010,2026-04-23T10:35:29.280Z,N/A,N/A,N/A,polygon,write,145,success
1011,2026-04-23T10:35:29.281Z,N/A,N/A,N/A,polygon,write,147,success
1012,2026-04-23T10:35:29.297Z,N/A,N/A,N/A,polygon,write,162,success
1013,2026-04-23T10:35:29.297Z,N/A,N/A,N/A,fabric,write,163,success
1014,2026-04-23T10:35:29.298Z,N/A,N/A,N/A,fabric,write,163,success
1015,2026-04-23T10:35:29.327Z,N/A,N/A,N/A,polygon,write,192,success
1016,2026-04-23T10:35:29.343Z,N/A,N/A,N/A,polygon,write,207,success
1017,2026-04-23T10:35:29.358Z,N/A,N/A,N/A,fabric,write,225,success
1018,2026-04-23T10:35:29.420Z,N/A,N/A,N/A,fabric,write,284,success
1019,2026-04-23T10:35:29.420Z,N/A,N/A,N/A,fabric,write,286,success
1020,2026-04-23T10:35:29.435Z,N/A,N/A,N/A,fabric,write,300,success
1021,2026-04-23T10:35:29.543Z,N/A,N/A,N/A,fabric,write,99,success
1022,2026-04-23T10:35:29.558Z,N/A,N/A,N/A,polygon,write,115,success
1023,2026-04-23T10:35:29.559Z,N/A,N/A,N/A,fabric,write,113,success
1024,2026-04-23T10:35:29.559Z,N/A,N/A,N/A,polygon,write,116,success
1025,2026-04-23T10:35:29.559Z,N/A,N/A,N/A,fabric,write,112,success
1026,2026-04-23T10:35:29.559Z,N/A,N/A,N/A,polygon,write,115,success
1027,2026-04-23T10:35:29.560Z,N/A,N/A,N/A,fabric,write,114,success
1028,2026-04-23T10:35:29.574Z,N/A,N/A,N/A,fabric,write,131,success
1029,2026-04-23T10:35:29.575Z,N/A,N/A,N/A,fabric,write,130,success
1030,2026-04-23T10:35:29.590Z,N/A,N/A,N/A,polygon,write,146,success
1031,2026-04-23T10:35:29.590Z,N/A,N/A,N/A,polygon,write,142,success
1032,2026-04-23T10:35:29.591Z,N/A,N/A,N/A,polygon,write,145,success
1033,2026-04-23T10:35:29.605Z,N/A,N/A,N/A,polygon,write,163,success
1034,2026-04-23T10:35:29.606Z,N/A,N/A,N/A,polygon,write,161,success
1035,2026-04-23T10:35:29.621Z,N/A,N/A,N/A,fabric,write,172,success
1036,2026-04-23T10:35:29.621Z,N/A,N/A,N/A,fabric,write,177,success
1037,2026-04-23T10:35:29.636Z,N/A,N/A,N/A,polygon,write,189,success
1038,2026-04-23T10:35:29.636Z,N/A,N/A,N/A,polygon,write,191,success
1039,2026-04-23T10:35:29.714Z,N/A,N/A,N/A,fabric,write,270,success
1040,2026-04-23T10:35:29.730Z,N/A,N/A,N/A,fabric,write,287,success
1041,2026-04-23T10:35:29.839Z,N/A,N/A,N/A,fabric,write,101,success
1042,2026-04-23T10:35:29.854Z,N/A,N/A,N/A,polygon,write,116,success
1043,2026-04-23T10:35:29.855Z,N/A,N/A,N/A,polygon,write,116,success
1044,2026-04-23T10:35:29.870Z,N/A,N/A,N/A,polygon,write,133,success
1045,2026-04-23T10:35:29.870Z,N/A,N/A,N/A,fabric,write,133,success
1046,2026-04-23T10:35:29.870Z,N/A,N/A,N/A,polygon,write,135,success
1047,2026-04-23T10:35:29.886Z,N/A,N/A,N/A,fabric,write,150,success
1048,2026-04-23T10:35:29.886Z,N/A,N/A,N/A,polygon,write,150,success
1049,2026-04-23T10:35:29.901Z,N/A,N/A,N/A,polygon,write,164,success
1050,2026-04-23T10:35:29.917Z,N/A,N/A,N/A,fabric,write,180,success
1051,2026-04-23T10:35:29.932Z,N/A,N/A,N/A,fabric,write,194,success
1052,2026-04-23T10:35:29.934Z,N/A,N/A,N/A,polygon,write,196,success
1053,2026-04-23T10:35:29.934Z,N/A,N/A,N/A,fabric,write,195,success
1054,2026-04-23T10:35:29.934Z,N/A,N/A,N/A,polygon,write,198,success
1055,2026-04-23T10:35:29.935Z,N/A,N/A,N/A,fabric,write,200,success
1056,2026-04-23T10:35:29.935Z,N/A,N/A,N/A,polygon,write,199,success
1057,2026-04-23T10:35:29.935Z,N/A,N/A,N/A,polygon,write,198,success
1058,2026-04-23T10:35:29.964Z,N/A,N/A,N/A,fabric,write,227,success
1059,2026-04-23T10:35:30.012Z,N/A,N/A,N/A,fabric,write,276,success
1060,2026-04-23T10:35:30.027Z,N/A,N/A,N/A,fabric,write,289,success
1061,2026-04-23T10:35:30.137Z,N/A,N/A,N/A,fabric,write,100,success
1062,2026-04-23T10:35:30.153Z,N/A,N/A,N/A,fabric,write,118,success
1063,2026-04-23T10:35:30.153Z,N/A,N/A,N/A,polygon,write,113,success
1064,2026-04-23T10:35:30.153Z,N/A,N/A,N/A,fabric,write,115,success
1065,2026-04-23T10:35:30.154Z,N/A,N/A,N/A,polygon,write,116,success
1066,2026-04-23T10:35:30.168Z,N/A,N/A,N/A,fabric,write,129,success
1067,2026-04-23T10:35:30.168Z,N/A,N/A,N/A,polygon,write,132,success
1068,2026-04-23T10:35:30.169Z,N/A,N/A,N/A,polygon,write,134,success
1069,2026-04-23T10:35:30.183Z,N/A,N/A,N/A,fabric,write,143,success
1070,2026-04-23T10:35:30.183Z,N/A,N/A,N/A,polygon,write,147,success
1071,2026-04-23T10:35:30.184Z,N/A,N/A,N/A,polygon,write,149,success
1072,2026-04-23T10:35:30.184Z,N/A,N/A,N/A,polygon,write,147,success
1073,2026-04-23T10:35:30.184Z,N/A,N/A,N/A,polygon,write,146,success
1074,2026-04-23T10:35:30.185Z,N/A,N/A,N/A,polygon,write,146,success
1075,2026-04-23T10:35:30.199Z,N/A,N/A,N/A,polygon,write,164,success
1076,2026-04-23T10:35:30.214Z,N/A,N/A,N/A,fabric,write,178,success
1077,2026-04-23T10:35:30.230Z,N/A,N/A,N/A,fabric,write,192,success
1078,2026-04-23T10:35:30.231Z,N/A,N/A,N/A,fabric,write,196,success
1079,2026-04-23T10:35:30.245Z,N/A,N/A,N/A,fabric,write,207,success
1080,2026-04-23T10:35:30.308Z,N/A,N/A,N/A,fabric,write,272,success
1081,2026-04-23T10:35:30.417Z,N/A,N/A,N/A,fabric,write,102,success
1082,2026-04-23T10:35:30.417Z,N/A,N/A,N/A,polygon,write,102,success
1083,2026-04-23T10:35:30.432Z,N/A,N/A,N/A,polygon,write,116,success
1084,2026-04-23T10:35:30.433Z,N/A,N/A,N/A,polygon,write,115,success
1085,2026-04-23T10:35:30.448Z,N/A,N/A,N/A,polygon,write,134,success
1086,2026-04-23T10:35:30.449Z,N/A,N/A,N/A,polygon,write,134,success
1087,2026-04-23T10:35:30.463Z,N/A,N/A,N/A,fabric,write,149,success
1088,2026-04-23T10:35:30.463Z,N/A,N/A,N/A,polygon,write,145,success
1089,2026-04-23T10:35:30.478Z,N/A,N/A,N/A,fabric,write,164,success
1090,2026-04-23T10:35:30.479Z,N/A,N/A,N/A,fabric,write,162,success
1091,2026-04-23T10:35:30.494Z,N/A,N/A,N/A,fabric,write,176,success
1092,2026-04-23T10:35:30.495Z,N/A,N/A,N/A,polygon,write,178,success
1093,2026-04-23T10:35:30.495Z,N/A,N/A,N/A,polygon,write,181,success
1094,2026-04-23T10:35:30.510Z,N/A,N/A,N/A,polygon,write,195,success
1095,2026-04-23T10:35:30.511Z,N/A,N/A,N/A,polygon,write,194,success
1096,2026-04-23T10:35:30.557Z,N/A,N/A,N/A,fabric,write,241,success
1097,2026-04-23T10:35:30.588Z,N/A,N/A,N/A,fabric,write,271,success
1098,2026-04-23T10:35:30.589Z,N/A,N/A,N/A,fabric,write,271,success
1099,2026-04-23T10:35:30.589Z,N/A,N/A,N/A,fabric,write,274,success
1100,2026-04-23T10:35:30.619Z,N/A,N/A,N/A,fabric,write,304,success
1101,2026-04-23T10:35:30.728Z,N/A,N/A,N/A,fabric,write,97,success
1102,2026-04-23T10:35:30.729Z,N/A,N/A,N/A,fabric,write,102,success
1103,2026-04-23T10:35:30.743Z,N/A,N/A,N/A,fabric,write,111,success
1104,2026-04-23T10:35:30.759Z,N/A,N/A,N/A,polygon,write,127,success
1105,2026-04-23T10:35:30.760Z,N/A,N/A,N/A,polygon,write,129,success
1106,2026-04-23T10:35:30.760Z,N/A,N/A,N/A,fabric,write,128,success
1107,2026-04-23T10:35:30.760Z,N/A,N/A,N/A,fabric,write,130,success
1108,2026-04-23T10:35:30.774Z,N/A,N/A,N/A,polygon,write,144,success
1109,2026-04-23T10:35:30.775Z,N/A,N/A,N/A,fabric,write,147,success
1110,2026-04-23T10:35:30.776Z,N/A,N/A,N/A,fabric,write,148,success
1111,2026-04-23T10:35:30.789Z,N/A,N/A,N/A,polygon,write,158,success
1112,2026-04-23T10:35:30.790Z,N/A,N/A,N/A,fabric,write,159,success
1113,2026-04-23T10:35:30.790Z,N/A,N/A,N/A,polygon,write,161,success
1114,2026-04-23T10:35:30.791Z,N/A,N/A,N/A,polygon,write,163,success
1115,2026-04-23T10:35:30.791Z,N/A,N/A,N/A,polygon,write,164,success
1116,2026-04-23T10:35:30.791Z,N/A,N/A,N/A,polygon,write,160,success
1117,2026-04-23T10:35:30.822Z,N/A,N/A,N/A,polygon,write,195,success
1118,2026-04-23T10:35:30.837Z,N/A,N/A,N/A,polygon,write,207,success
1119,2026-04-23T10:35:30.868Z,N/A,N/A,N/A,fabric,write,237,success
1120,2026-04-23T10:35:30.883Z,N/A,N/A,N/A,fabric,write,253,success
1121,2026-04-23T10:35:31.009Z,N/A,N/A,N/A,polygon,write,118,success
1122,2026-04-23T10:35:31.024Z,N/A,N/A,N/A,polygon,write,134,success
1123,2026-04-23T10:35:31.025Z,N/A,N/A,N/A,polygon,write,133,success
1124,2026-04-23T10:35:31.025Z,N/A,N/A,N/A,polygon,write,136,success
1125,2026-04-23T10:35:31.025Z,N/A,N/A,N/A,polygon,write,134,success
1126,2026-04-23T10:35:31.026Z,N/A,N/A,N/A,polygon,write,132,success
1127,2026-04-23T10:35:31.026Z,N/A,N/A,N/A,fabric,write,132,success
1128,2026-04-23T10:35:31.026Z,N/A,N/A,N/A,polygon,write,133,success
1129,2026-04-23T10:35:31.040Z,N/A,N/A,N/A,fabric,write,151,success
1130,2026-04-23T10:35:31.055Z,N/A,N/A,N/A,polygon,write,166,success
1131,2026-04-23T10:35:31.056Z,N/A,N/A,N/A,fabric,write,166,success
1132,2026-04-23T10:35:31.057Z,N/A,N/A,N/A,fabric,write,167,success
1133,2026-04-23T10:35:31.071Z,N/A,N/A,N/A,fabric,write,179,success
1134,2026-04-23T10:35:31.087Z,N/A,N/A,N/A,polygon,write,195,success
1135,2026-04-23T10:35:31.102Z,N/A,N/A,N/A,polygon,write,208,success
1136,2026-04-23T10:35:31.103Z,N/A,N/A,N/A,fabric,write,212,success
1137,2026-04-23T10:35:31.118Z,N/A,N/A,N/A,fabric,write,225,success
1138,2026-04-23T10:35:31.149Z,N/A,N/A,N/A,fabric,write,258,success
1139,2026-04-23T10:35:31.150Z,N/A,N/A,N/A,fabric,write,255,success
1140,2026-04-23T10:35:31.150Z,N/A,N/A,N/A,fabric,write,257,success
1141,2026-04-23T10:35:31.258Z,N/A,N/A,N/A,polygon,write,101,success
1142,2026-04-23T10:35:31.274Z,N/A,N/A,N/A,fabric,write,114,success
1143,2026-04-23T10:35:31.289Z,N/A,N/A,N/A,polygon,write,133,success
1144,2026-04-23T10:35:31.290Z,N/A,N/A,N/A,polygon,write,132,success
1145,2026-04-23T10:35:31.290Z,N/A,N/A,N/A,polygon,write,130,success
1146,2026-04-23T10:35:31.305Z,N/A,N/A,N/A,polygon,write,148,success
1147,2026-04-23T10:35:31.321Z,N/A,N/A,N/A,polygon,write,163,success
1148,2026-04-23T10:35:31.321Z,N/A,N/A,N/A,polygon,write,162,success
1149,2026-04-23T10:35:31.322Z,N/A,N/A,N/A,fabric,write,165,success
1150,2026-04-23T10:35:31.322Z,N/A,N/A,N/A,fabric,write,163,success
1151,2026-04-23T10:35:31.322Z,N/A,N/A,N/A,polygon,write,163,success
1152,2026-04-23T10:35:31.322Z,N/A,N/A,N/A,fabric,write,165,success
1153,2026-04-23T10:35:31.336Z,N/A,N/A,N/A,polygon,write,181,success
1154,2026-04-23T10:35:31.337Z,N/A,N/A,N/A,fabric,write,177,success
1155,2026-04-23T10:35:31.351Z,N/A,N/A,N/A,fabric,write,192,success
1156,2026-04-23T10:35:31.367Z,N/A,N/A,N/A,polygon,write,207,success
1157,2026-04-23T10:35:31.383Z,N/A,N/A,N/A,fabric,write,225,success
1158,2026-04-23T10:35:31.398Z,N/A,N/A,N/A,fabric,write,242,success
1159,2026-04-23T10:35:31.413Z,N/A,N/A,N/A,fabric,write,255,success
1160,2026-04-23T10:35:31.429Z,N/A,N/A,N/A,fabric,write,273,success
1161,2026-04-23T10:35:31.522Z,N/A,N/A,N/A,fabric,write,87,success
1162,2026-04-23T10:35:31.554Z,N/A,N/A,N/A,fabric,write,115,success
1163,2026-04-23T10:35:31.554Z,N/A,N/A,N/A,fabric,write,117,success
1164,2026-04-23T10:35:31.555Z,N/A,N/A,N/A,polygon,write,118,success
1165,2026-04-23T10:35:31.585Z,N/A,N/A,N/A,polygon,write,146,success
1166,2026-04-23T10:35:31.585Z,N/A,N/A,N/A,polygon,write,146,success
1167,2026-04-23T10:35:31.600Z,N/A,N/A,N/A,fabric,write,163,success
1168,2026-04-23T10:35:31.601Z,N/A,N/A,N/A,fabric,write,166,success
1169,2026-04-23T10:35:31.616Z,N/A,N/A,N/A,polygon,write,179,success
1170,2026-04-23T10:35:31.617Z,N/A,N/A,N/A,polygon,write,181,success
1171,2026-04-23T10:35:31.617Z,N/A,N/A,N/A,polygon,write,183,success
1172,2026-04-23T10:35:31.617Z,N/A,N/A,N/A,polygon,write,182,success
1173,2026-04-23T10:35:31.618Z,N/A,N/A,N/A,fabric,write,182,success
1174,2026-04-23T10:35:31.618Z,N/A,N/A,N/A,polygon,write,181,success
1175,2026-04-23T10:35:31.631Z,N/A,N/A,N/A,fabric,write,193,success
1176,2026-04-23T10:35:31.632Z,N/A,N/A,N/A,polygon,write,194,success
1177,2026-04-23T10:35:31.647Z,N/A,N/A,N/A,polygon,write,209,success
1178,2026-04-23T10:35:31.648Z,N/A,N/A,N/A,fabric,write,209,success
1179,2026-04-23T10:35:31.678Z,N/A,N/A,N/A,fabric,write,240,success
1180,2026-04-23T10:35:31.679Z,N/A,N/A,N/A,fabric,write,240,success
1181,2026-04-23T10:35:31.788Z,N/A,N/A,N/A,fabric,write,101,success
1182,2026-04-23T10:35:31.788Z,N/A,N/A,N/A,polygon,write,103,success
1183,2026-04-23T10:35:31.803Z,N/A,N/A,N/A,polygon,write,116,success
1184,2026-04-23T10:35:31.804Z,N/A,N/A,N/A,fabric,write,117,success
1185,2026-04-23T10:35:31.819Z,N/A,N/A,N/A,polygon,write,129,success
1186,2026-04-23T10:35:31.834Z,N/A,N/A,N/A,polygon,write,146,success
1187,2026-04-23T10:35:31.835Z,N/A,N/A,N/A,polygon,write,146,success
1188,2026-04-23T10:35:31.835Z,N/A,N/A,N/A,polygon,write,145,success
1189,2026-04-23T10:35:31.836Z,N/A,N/A,N/A,fabric,write,150,success
1190,2026-04-23T10:35:31.836Z,N/A,N/A,N/A,polygon,write,149,success
1191,2026-04-23T10:35:31.836Z,N/A,N/A,N/A,fabric,write,146,success
1192,2026-04-23T10:35:31.850Z,N/A,N/A,N/A,fabric,write,160,success
1193,2026-04-23T10:35:31.850Z,N/A,N/A,N/A,polygon,write,162,success
1194,2026-04-23T10:35:31.851Z,N/A,N/A,N/A,fabric,write,161,success
1195,2026-04-23T10:35:31.865Z,N/A,N/A,N/A,polygon,write,179,success
1196,2026-04-23T10:35:31.881Z,N/A,N/A,N/A,polygon,write,192,success
1197,2026-04-23T10:35:31.897Z,N/A,N/A,N/A,fabric,write,211,success
1198,2026-04-23T10:35:31.897Z,N/A,N/A,N/A,fabric,write,208,success
1199,2026-04-23T10:35:31.944Z,N/A,N/A,N/A,fabric,write,255,success
1200,2026-04-23T10:35:31.991Z,N/A,N/A,N/A,fabric,write,303,success